主題,市場,代碼,名稱,20日%,距高%,燈號
資安 Cybersecurity,US,PANW,Palo Alto,1.6,-1.9,
資安 Cybersecurity,US,CRWD,CrowdStrike,13.7,0.0,
資安 Cybersecurity,US,FTNT,Fortinet,2.9,-1.6,
資安 Cybersecurity,US,ZS,Zscaler,5.3,-7.6,
資安 Cybersecurity,US,OKTA,Okta,18.4,-0.9,
資安 Cybersecurity,US,S,SentinelOne,5.5,-3.3,
資安 Cybersecurity,TW,7765,中華資安,6.0,,🔥 美股領先·台股待跟
資安 Cybersecurity,TW,6690,安碁資訊,7.6,,🔥 美股領先·台股待跟
資安 Cybersecurity,TW,2480,敦陽科,1.9,,🔥 美股領先·台股待跟
資安 Cybersecurity,TW,3029,零壹,6.2,,🔥 美股領先·台股待跟
資安 Cybersecurity,TW,6214,精誠,2.5,,🔥 美股領先·台股待跟
資安 Cybersecurity,TW,6218,豪勉(維運邊),52.8,,
AI算力/伺服器,US,NVDA,NVIDIA,3.0,-3.4,
AI算力/伺服器,US,SMCI,Supermicro,10.0,-18.2,
AI算力/伺服器,US,VRT,Vertiv(液冷),-4.0,-34.0,
AI算力/伺服器,US,DELL,Dell,18.3,-8.3,
AI算力/伺服器,TW,2330,台積電,3.1,,
AI算力/伺服器,TW,2382,廣達,-1.5,,
AI算力/伺服器,TW,6669,緯穎,-12.1,,
AI算力/伺服器,TW,6933,AMAX-KY,29.7,,
AI算力/伺服器,TW,3017,奇鋐,0.3,,
AI算力/伺服器,TW,3324,雙鴻,22.4,,
光通訊/CPO,US,AVGO,Broadcom,-3.9,-26.0,
光通訊/CPO,US,COHR,Coherent,5.2,-31.5,
光通訊/CPO,US,LITE,Lumentum,6.4,-7.6,
光通訊/CPO,US,CRDO,Credo,-15.0,-36.4,
光通訊/CPO,TW,4979,華星光,-6.6,,
光通訊/CPO,TW,3363,上詮,-13.1,,
光通訊/CPO,TW,6426,統新,32.4,,
光通訊/CPO,TW,3450,聯鈞,-19.0,,
客製ASIC,US,AVGO,Broadcom,-3.9,-26.0,
客製ASIC,US,MRVL,Marvell,24.4,-16.8,
客製ASIC,TW,3443,創意,31.8,,
客製ASIC,TW,3661,世芯,-7.5,,
客製ASIC,TW,6643,M31,34.9,,
客製ASIC,TW,3035,智原,20.3,,
低軌衛星,US,ASTS,AST SpaceMobile,0.5,-55.4,
低軌衛星,US,RKLB,Rocket Lab,9.0,-53.6,
低軌衛星,TW,6190,萬泰科(套組),-0.3,,
低軌衛星,TW,3491,昇達科,8.7,,
低軌衛星,TW,6672,騰輝(火箭主板),34.2,,
記憶體,US,MU,Micron,11.1,-12.2,
記憶體,US,WDC,WD,0.7,-39.2,
記憶體,US,SNDK,SanDisk,10.4,-25.9,
記憶體,TW,2408,南亞科,-4.4,,
記憶體,TW,8299,群聯,-0.7,,
記憶體,TW,2344,華邦電,-1.6,,
