Date,Close,Volume
2026-04-01,13.3100004196167,6625900
2026-04-02,13.329999923706055,5491000
2026-04-06,13.510000228881836,5238900
2026-04-07,13.380000114440918,5091500
2026-04-08,13.5,7577600
2026-04-09,12.770000457763672,9020200
2026-04-10,11.9399995803833,13671200
2026-04-13,12.789999961853027,11069300
2026-04-14,12.75,8055900
2026-04-15,13.260000228881836,7862100
2026-04-16,13.930000305175781,7045000
2026-04-17,14.020000457763672,6826000
2026-04-20,14.319999694824219,7645800
2026-04-21,14.460000038146973,8084700
2026-04-22,14.630000114440918,5680600
2026-04-23,13.920000076293945,6341800
2026-04-24,14.239999771118164,4322900
2026-04-27,14.630000114440918,5567700
2026-04-28,14.649999618530273,4365400
2026-04-29,14.699999809265137,5691100
2026-04-30,14.15999984741211,6802100
2026-05-01,14.899999618530273,5572100
2026-05-04,15.600000381469727,7815200
2026-05-05,15.859999656677246,6875400
2026-05-06,15.329999923706055,9443600
2026-05-07,15.920000076293945,9327500
2026-05-08,16.59000015258789,8219400
2026-05-11,16.329999923706055,9844000
2026-05-12,15.739999771118164,4617200
2026-05-13,16.079999923706055,4637200
2026-05-14,16.510000228881836,6223400
2026-05-15,16.860000610351562,7980500
2026-05-18,17.540000915527344,8168200
2026-05-19,17.65999984741211,9366700
2026-05-20,17.969999313354492,7146900
2026-05-21,18.110000610351562,6600800
2026-05-22,18.709999084472656,6990200
2026-05-26,18.559999465942383,10327100
2026-05-27,17.950000762939453,9762000
2026-05-28,18.020000457763672,26046400
2026-05-29,16.549999237060547,30820500
2026-06-01,17.809999465942383,15670000
2026-06-02,17.350000381469727,9812900
2026-06-03,16.299999237060547,9889100
2026-06-04,16.530000686645508,7676100
2026-06-05,15.949999809265137,7589500
2026-06-08,15.75,6667800
2026-06-09,15.239999771118164,7012800
2026-06-10,14.789999961853027,6158200
2026-06-11,14.760000228881836,6208400
2026-06-12,14.850000381469727,5463200
2026-06-15,15.1899995803833,6036800
2026-06-16,15.029999732971191,4315900
2026-06-17,14.800000190734863,6646500
2026-06-18,15.020000457763672,8420700
2026-06-22,14.739999771118164,5604600
2026-06-23,15.130000114440918,5712400
2026-06-24,15.119999885559082,3301800
2026-06-25,14.960000038146973,3978300
2026-06-26,15.90999984741211,6773800
2026-06-29,16.729999542236328,9116600
2026-06-30,16.969999313354492,7077300
2026-07-01,17.59000015258789,7974500
2026-07-02,17.510000228881836,5317000
2026-07-06,18.149999618530273,12203300
2026-07-07,18.15999984741211,6126900
2026-07-08,17.809999465942383,5124500
2026-07-09,18.860000610351562,5767300
2026-07-10,17.8799991607666,9175600
2026-07-13,18.549999237060547,7584100
2026-07-14,19.920000076293945,13525300
2026-07-15,19.579999923706055,11101900
2026-07-16,19.6299991607666,7080000
2026-07-17,19.56999969482422,7756000
2026-07-20,19.459999084472656,4093900
2026-07-21,18.809999465942383,7531700
2026-07-22,18.219999313354492,4731900
2026-07-23,17.3799991607666,7399100
2026-07-24,18.139999389648438,8824100
2026-07-27,18.139999389648438,4635300
2026-07-28,18.34000015258789,6214800
2026-07-29,18.520000457763672,5207400
2026-07-30,18.399999618530273,4433800
2026-07-31,19.059999465942383,5378000
2026-08-03,20.049999237060547,5834400
2026-08-04,20.979999542236328,6570100
2026-08-05,21.0,5531400
2026-08-06,20.760000228881836,5216300
2026-08-07,21.399999618530273,5996400
2026-08-10,22.229999542236328,6423700
2026-08-11,22.459999084472656,11486100
2026-08-12,22.299999237060547,5726800
2026-08-13,23.84000015258789,8115900
2026-08-14,23.110000610351562,6259900
2026-08-17,21.81999969482422,8595900
2026-08-18,22.489999771118164,5231900
2026-08-19,21.31999969482422,12581100
2026-08-20,20.940000534057617,5316200
2026-08-21,21.190000534057617,5020400
2026-08-24,20.81999969482422,4022700
2026-08-25,20.309999465942383,5474000
2026-08-26,20.510000228881836,5470100
2026-08-27,22.709999084472656,18815900
2026-08-28,21.540000915527344,16465800
2026-08-31,22.100000381469727,8957100
2026-09-01,20.6299991607666,6887800
2026-09-02,19.68000030517578,10379100
2026-09-03,19.799999237060547,16946300
2026-09-04,19.8799991607666,6569200
2026-09-08,19.43000030517578,5826900
2026-09-09,19.440000534057617,3863600
2026-09-10,19.809999465942383,6632000
2026-09-11,19.75,5867500
2026-09-14,22.610000610351562,16355700
2026-09-15,23.479999542236328,9985300
2026-09-16,23.170000076293945,8360200
2026-09-17,23.190000534057617,14578300
2026-09-18,22.510000228881836,13014900
2026-09-21,23.799999237060547,8219700
2026-09-22,23.850000381469727,7661300
2026-09-23,24.100000381469727,7328900
2026-09-24,23.979999542236328,6068200
2026-09-25,22.3799991607666,10460400
2026-09-28,22.739999771118164,6400100
2026-09-29,23.309999465942383,6994200
2026-09-30,,8881828
