訊號等級,策略,代碼,收盤,當日%,停損,風險%,RS相對強度,量比(vs均),狀態,日期,檢核,tech_score,news_score,report_score,confidence,signal_type
BUY,吊燈出場（Chandelier Exit）,1303.TW,190.0,2.7,180.6,5.0,2.05,1.0,多頭｜停利 180.6,2026-08-11,✅,80.0,70.8,50.0,68.2,做多 ⭐⭐
BUY★★,A+B+C 籌碼趨勢（M哥完整版）,6570.TWO,57.0,-0.52,56.1,1.6,1.18,1.5,突破當日！立即關注,2026-08-11,✅,95.4,50.0,50.0,68.2,做多 ⭐⭐
BUY★★,A+B+C 籌碼趨勢（M哥完整版）,4931.TWO,255.0,7.14,239.0,6.3,1.23,4.4,突破當日！立即關注,2026-08-11,✅,95.0,50.0,50.0,68.0,做多 ⭐⭐
BUY★,A+B+C 籌碼趨勢（M哥完整版）,7610.TW,1870.0,-4.1,1860.0,0.5,1.65,0.3,早期確認（距突破<10%）+籌碼質變,2026-08-11,✅,94.5,50.0,50.0,67.8,做多 ⭐⭐
BUY★★,主題基本面輪動,3226.TWO,51.4,0.0,50.0,2.7,1.14,1.4,主題突破當日！,2026-08-11,✅,94.2,50.0,50.0,67.7,做多 ⭐⭐
BUY★★,主題基本面輪動,4763.TW,51.6,3.2,49.6,3.9,1.12,1.6,主題突破當日！,2026-08-11,✅,93.6,50.0,50.0,67.4,做多 ⭐⭐
BUY★★,A+B+C 籌碼趨勢（M哥完整版）,6265.TWO,56.1,0.54,55.4,1.2,1.11,2.1,突破當日！立即關注,2026-08-11,✅,93.3,50.0,50.0,67.3,做多 ⭐⭐
BUY★★,A+B+C 籌碼趨勢（M哥完整版）,8112.TW,100.0,8.23,94.7,5.3,1.08,3.9,突破當日！立即關注+籌碼質變,2026-08-11,✅,92.0,50.0,50.0,66.8,做多 ⭐⭐
BUY★★,A+B+C 籌碼趨勢（M哥完整版）,4163.TWO,145.5,-3.0,142.5,2.1,1.06,1.7,突破當日！立即關注,2026-08-11,✅,91.8,50.0,50.0,66.7,做多 ⭐⭐
BUY★★,主題基本面輪動,4163.TWO,145.5,-3.0,142.5,2.1,1.06,1.7,主題突破當日！,2026-08-11,✅,91.8,50.0,50.0,66.7,做多 ⭐⭐
BUY★★,A+B+C 籌碼趨勢（M哥完整版）,1323.TW,21.5,-0.23,21.2,1.4,1.05,2.6,突破當日！立即關注+籌碼質變,2026-08-11,✅,91.5,50.0,50.0,66.6,做多 ⭐⭐
BUY★★,A+B+C 籌碼趨勢（M哥完整版）,6922.TWO,213.0,4.41,204.0,4.2,1.03,4.4,突破當日！立即關注,2026-08-11,✅,90.9,50.0,50.0,66.4,做多 ⭐⭐
BUY★★,A+B+C 籌碼趨勢（M哥完整版）,6642.TWO,86.0,3.24,82.0,4.7,1.02,3.7,突破當日！立即關注,2026-08-11,✅,90.6,50.0,50.0,66.2,做多 ⭐⭐
BUY★★,A+B+C 籌碼趨勢（M哥完整版）,6716.TWO,104.5,-0.48,101.5,2.9,1.02,6.5,突破當日！立即關注,2026-08-11,✅,90.6,50.0,50.0,66.2,做多 ⭐⭐
BUY★★,主題基本面輪動,6863.TW,122.0,-7.92,121.0,0.8,1.01,1.5,主題突破當日！,2026-08-11,✅,90.3,50.0,50.0,66.1,做多 ⭐⭐
BUY★★,主題基本面輪動,1808.TW,32.5,-2.7,32.0,1.2,1.01,1.4,主題突破當日！,2026-08-11,✅,90.3,50.0,50.0,66.1,做多 ⭐⭐
BUY★★,主題基本面輪動,1339.TW,45.4,0.89,44.8,1.3,1.01,1.6,主題突破當日！,2026-08-11,✅,90.3,50.0,50.0,66.1,做多 ⭐⭐
BUY★★,A+B+C 籌碼趨勢（M哥完整版）,6292.TWO,65.7,9.14,60.3,8.2,1.14,5.1,突破當日！立即關注,2026-08-11,✅,89.4,50.0,50.0,65.8,做多 ⭐⭐
BUY★★,A+B+C 籌碼趨勢（M哥完整版）,5324.TWO,12.2,-0.41,12.1,0.8,0.96,1.7,突破當日！立即關注,2026-08-11,✅,88.8,50.0,50.0,65.5,做多 ⭐⭐
BUY★★,A+B+C 籌碼趨勢（M哥完整版）,6187.TWO,1050.0,-3.67,1035.0,1.4,0.84,2.1,突破當日！立即關注,2026-08-11,✅,85.2,50.0,50.0,64.1,觀察 ⭐
BUY★★,A+B+C 籌碼趨勢（M哥完整版）,8354.TWO,18.0,7.81,16.5,8.4,0.98,8.3,突破當日！立即關注,2026-08-11,✅,84.3,50.0,50.0,63.7,觀察 ⭐
BUY★,融資維持率創低反彈（量增）,5468.TWO,30.5,9.89,27.3,10.5,1.58,3.0,維持率當日創低即放量承接 → 搏反彈 3,2026-08-11,✅,84.2,50.0,50.0,63.7,觀察 ⭐
BUY★★,A+B+C 籌碼趨勢（M哥完整版）,7744.TWO,453.0,-3.1,450.0,0.7,0.77,1.7,突破當日！立即關注,2026-08-11,✅,83.1,50.0,50.0,63.2,觀察 ⭐
BUY★,A+B+C 籌碼趨勢（M哥完整版）,3114.TWO,36.5,-2.53,37.5,2.6,1.23,0.5,早期確認（距突破<10%）,2026-08-11,✅,81.9,50.0,50.0,62.8,觀察 ⭐
BUY★★,A+B+C 籌碼趨勢（M哥完整版）,3444.TWO,76.3,3.11,73.2,4.1,0.72,2.4,突破當日！立即關注,2026-08-11,✅,81.6,50.0,50.0,62.6,觀察 ⭐
BUY★,主題基本面輪動,2006.TW,85.5,-0.47,85.3,0.2,1.2,0.8,主題早期確認,2026-08-11,✅,81.0,50.0,50.0,62.4,觀察 ⭐
BUY,波段回檔再進場（第二買點）,1303.TW,190.0,2.7,149.1,21.5,2.05,1.0,波段回檔再進場（第二買點）,2026-08-11,✅,65.0,70.8,50.0,62.2,觀察 ⭐
BUY,大跌中融資逆勢買,2466.TW,92.0,-5.25,87.4,5.0,1.74,1.6,大跌中融資逆勢加碼,2026-08-11,✅,80.0,50.0,50.0,62.0,觀察 ⭐
BUY,吊燈出場（Chandelier Exit）,6834.TW,106.0,9.73,104.7,1.2,1.82,2.6,多頭｜停利 104.7,2026-08-11,✅,80.0,50.0,50.0,62.0,觀察 ⭐
BUY,大跌中融資逆勢買,4707.TWO,30.0,-6.1,28.8,4.0,1.88,1.6,大跌中融資逆勢加碼,2026-08-11,✅,80.0,50.0,50.0,62.0,觀察 ⭐
BUY★,A+B+C 籌碼趨勢（M哥完整版）,4973.TWO,156.0,-3.7,158.5,1.6,1.17,1.1,早期確認（距突破<10%）,2026-08-11,✅,80.1,50.0,50.0,62.0,觀察 ⭐
BUY★,主題基本面輪動,4119.TW,52.9,0.76,51.2,3.2,1.15,0.7,主題早期確認,2026-08-11,✅,79.5,50.0,50.0,61.8,觀察 ⭐
BUY★,A+B+C 籌碼趨勢（M哥完整版）,3226.TWO,51.4,0.0,50.0,2.7,1.14,1.4,早期確認（距突破<10%）,2026-08-11,✅,79.2,50.0,50.0,61.7,觀察 ⭐
BUY★,主題基本面輪動,1414.TW,19.3,-2.28,19.1,1.0,1.12,0.7,主題早期確認,2026-08-11,✅,78.6,50.0,50.0,61.4,觀察 ⭐
BUY★,A+B+C 籌碼趨勢（M哥完整版）,1414.TW,19.3,-2.28,19.1,1.0,1.12,0.7,早期確認（距突破<10%）+籌碼質變,2026-08-11,✅,78.6,50.0,50.0,61.4,觀察 ⭐
BUY★★,A+B+C 籌碼趨勢（M哥完整版）,8358.TWO,380.5,9.97,346.0,9.1,0.81,1.9,突破當日！立即關注,2026-08-11,✅,78.1,50.0,50.0,61.3,觀察 ⭐
BUY★,A+B+C 籌碼趨勢（M哥完整版）,6603.TWO,26.9,0.19,26.4,2.0,1.1,1.1,早期確認（距突破<10%）,2026-08-11,✅,78.0,50.0,50.0,61.2,觀察 ⭐
BUY★,A+B+C 籌碼趨勢（M哥完整版）,3141.TWO,77.7,-2.88,78.4,0.9,1.1,0.9,早期確認（距突破<10%）,2026-08-11,✅,78.0,50.0,50.0,61.2,觀察 ⭐
BUY★,A+B+C 籌碼趨勢（M哥完整版）,3213.TWO,136.0,-1.45,133.0,2.2,1.09,1.1,早期確認（距突破<10%）,2026-08-11,✅,77.7,50.0,50.0,61.1,觀察 ⭐
BUY★,主題基本面輪動,3213.TWO,136.0,-1.45,133.0,2.2,1.09,1.1,主題早期確認,2026-08-11,✅,77.7,50.0,50.0,61.1,觀察 ⭐
BUY★,主題基本面輪動,2637.TW,87.3,-0.91,85.3,2.3,1.09,0.6,主題早期確認,2026-08-11,✅,77.7,50.0,50.0,61.1,觀察 ⭐
BUY★,主題基本面輪動,6691.TW,728.0,-0.55,725.0,0.4,1.06,0.5,主題早期確認,2026-08-11,✅,76.8,50.0,50.0,60.7,觀察 ⭐
BUY★,A+B+C 籌碼趨勢（M哥完整版）,3594.TWO,56.9,-5.17,58.4,2.6,1.05,1.2,早期確認（距突破<10%）,2026-08-11,✅,76.5,50.0,50.0,60.6,觀察 ⭐
BUY★,A+B+C 籌碼趨勢（M哥完整版）,4907.TWO,45.0,-0.55,45.2,0.7,1.05,0.6,早期確認（距突破<10%）,2026-08-11,✅,76.5,50.0,50.0,60.6,觀察 ⭐
BUY★,主題基本面輪動,9941.TW,85.4,0.23,82.2,3.7,1.04,1.0,主題早期確認,2026-08-11,✅,76.2,50.0,50.0,60.5,觀察 ⭐
PRE-DEF,A+B+C 籌碼趨勢（M哥完整版）,2408.TW,489.0,-2.59,0.0,0.0,1.45,1.3,扣抵預警+籌碼（A即將成立）,2026-08-11,✅,56.0,76.4,50.0,60.3,觀察 ⭐
BUY★,融資維持率創低反彈（量增）,2321.TW,15.6,1.96,14.6,6.4,1.09,5.0,維持率當日創低即放量承接 → 搏反彈 3,2026-08-11,✅,75.6,50.0,50.0,60.2,觀察 ⭐
BUY★,主題基本面輪動,2520.TW,34.5,-1.15,33.3,3.3,1.01,0.6,主題早期確認,2026-08-11,✅,75.3,50.0,50.0,60.1,觀察 ⭐
BUY★,主題基本面輪動,6579.TW,159.0,-3.34,158.5,0.3,1.0,0.9,主題早期確認,2026-08-11,✅,75.0,50.0,50.0,60.0,觀察 ⭐
BUY★,主題基本面輪動,9935.TW,20.1,-3.83,20.0,0.7,0.99,1.6,主題早期確認,2026-08-11,✅,74.7,50.0,50.0,59.9,觀察 ⭐
BUY★,主題基本面輪動,2611.TW,14.1,-1.4,13.5,3.9,0.99,0.9,主題早期確認,2026-08-11,✅,74.7,50.0,50.0,59.9,觀察 ⭐
BUY,大跌中融資逆勢買,2434.TW,49.0,-7.37,48.2,1.6,1.48,1.6,大跌中融資逆勢加碼,2026-08-11,✅,74.4,50.0,50.0,59.8,觀察 ⭐
BUY,吊燈出場（Chandelier Exit）,6697.TWO,41.1,2.75,39.5,4.0,0.89,1.5,多頭｜停利 39.5,2026-08-11,✅,56.7,73.6,50.0,59.7,觀察 ⭐
BUY★,A+B+C 籌碼趨勢（M哥完整版）,6161.TWO,53.1,0.0,52.1,1.9,0.97,0.6,早期確認（距突破<10%）,2026-08-11,✅,74.1,50.0,50.0,59.6,觀察 ⭐
BUY★,A+B+C 籌碼趨勢（M哥完整版）,6913.TWO,147.0,0.68,144.5,1.7,0.97,1.3,早期確認（距突破<10%）,2026-08-11,✅,74.1,50.0,50.0,59.6,觀察 ⭐
BUY★,主題基本面輪動,4106.TW,24.6,-1.8,24.1,1.8,0.97,1.5,主題早期確認,2026-08-11,✅,74.1,50.0,50.0,59.6,觀察 ⭐
BUY★,融資維持率創低反彈（量增）,4590.TW,89.8,8.06,82.4,8.3,1.1,4.0,維持率當日創低即放量承接 → 搏反彈 3,2026-08-11,✅,73.0,50.0,50.0,59.2,觀察 ⭐
BUY★,A+B+C 籌碼趨勢（M哥完整版）,4527.TWO,41.0,0.99,40.0,2.4,0.91,1.1,早期確認（距突破<10%）,2026-08-11,✅,72.3,50.0,50.0,58.9,觀察 ⭐
BUY★,融資維持率創低反彈（量增）,3632.TWO,8.0,0.0,7.7,3.9,0.89,1.9,維持率當日創低即放量承接 → 搏反彈 3,2026-08-11,✅,71.7,50.0,50.0,58.7,觀察 ⭐
BUY,吊燈出場（Chandelier Exit）,2302.TW,46.0,8.35,41.4,10.1,1.63,1.8,多頭｜停利 41.4,2026-08-11,✅,71.2,50.0,50.0,58.5,觀察 ⭐
BUY★,融資維持率創低反彈（量增）,2035.TWO,26.8,-0.74,26.3,1.7,0.86,2.9,維持率當日創低即放量承接 → 搏反彈 3,2026-08-11,✅,70.8,50.0,50.0,58.3,觀察 ⭐
BUY★,融資維持率創低反彈（量增）,2314.TW,11.5,-4.56,11.2,2.6,0.86,2.0,維持率當日創低即放量承接 → 搏反彈 3,2026-08-11,✅,70.8,50.0,50.0,58.3,觀察 ⭐
BUY★,A+B+C 籌碼趨勢（M哥完整版）,4739.TW,87.4,0.46,84.1,3.8,0.85,0.9,早期確認（距突破<10%）+籌碼質變,2026-08-11,✅,70.5,50.0,50.0,58.2,觀察 ⭐
BUY★,A+B+C 籌碼趨勢（M哥完整版）,3406.TW,538.0,-1.47,525.0,2.4,0.85,0.5,早期確認（距突破<10%）+籌碼質變,2026-08-11,✅,70.5,50.0,50.0,58.2,觀察 ⭐
BUY★,A+B+C 籌碼趨勢（M哥完整版）,6547.TWO,52.0,0.19,48.0,7.6,0.97,0.7,早期確認（距突破<10%）,2026-08-11,✅,70.2,50.0,50.0,58.1,觀察 ⭐
BUY★,融資維持率創低反彈（量增）,1213.TW,7.8,0.65,7.4,4.6,0.82,3.4,維持率當日創低即放量承接 → 搏反彈 3,2026-08-11,✅,69.6,50.0,50.0,57.8,觀察 ⭐
BUY,吊燈出場（Chandelier Exit）,8046.TW,1150.0,1.77,1114.4,3.1,1.32,0.2,多頭｜停利 1114.4,2026-08-11,✅,69.6,50.0,50.0,57.8,觀察 ⭐
PRE-DEF,A+B+C 籌碼趨勢（M哥完整版）,2395.TW,661.0,-0.9,0.0,0.0,1.31,0.9,扣抵預警+籌碼（A即將成立）,2026-08-11,✅,51.8,73.6,50.0,57.8,觀察 ⭐
BUY,吊燈出場（Chandelier Exit）,2493.TW,239.5,9.86,211.5,11.7,1.61,1.6,多頭｜停利 211.5,2026-08-11,✅,68.3,50.0,50.0,57.3,觀察 ⭐
BUY★,融資維持率創低反彈（量增）,3229.TW,51.0,0.2,43.1,15.4,1.25,2.0,維持率當日創低即放量承接 → 搏反彈 3,2026-08-11,✅,67.5,50.0,50.0,57.0,觀察 ⭐
BUY,波段回檔再進場（第二買點）,5328.TWO,66.0,5.6,57.1,13.5,2.08,1.2,波段回檔再進場（第二買點）,2026-08-11,✅,67.2,50.0,50.0,56.9,觀察 ⭐
BUY,大跌中融資逆勢買,2425.TW,46.0,-7.27,44.8,2.5,1.21,1.3,大跌中融資逆勢加碼,2026-08-11,✅,66.3,50.0,50.0,56.5,觀察 ⭐
BUY,大跌中融資逆勢買,4807.TW,31.2,-4.15,30.7,1.6,1.21,1.3,大跌中融資逆勢加碼,2026-08-11,❌融資未增(近5筆-4張),66.3,50.0,50.0,56.5,觀察 ⭐
BUY★,A+B+C 籌碼趨勢（M哥完整版）,6532.TWO,85.0,1.8,82.3,3.2,0.69,1.3,早期確認（距突破<10%）,2026-08-11,✅,65.7,50.0,50.0,56.3,觀察 ⭐
BUY★,A+B+C 籌碼趨勢（M哥完整版）,6510.TWO,2800.0,-1.58,2785.0,0.5,0.68,0.8,早期確認（距突破<10%）,2026-08-11,✅,65.4,50.0,50.0,56.2,觀察 ⭐
BUY,主題基本面輪動,6213.TW,452.0,5.73,366.0,19.0,1.67,0.8,"主題突破（RS:Date
2015-01",2026-08-11,✅,65.0,50.0,50.0,56.0,觀察 ⭐
BUY★,融資維持率創低反彈（量增）,6152.TW,14.8,3.14,13.5,9.0,0.86,7.4,維持率當日創低即放量承接 → 搏反彈 3,2026-08-11,✅,64.8,50.0,50.0,55.9,觀察 ⭐
BUY,大跌中融資逆勢買,4542.TWO,274.5,-6.15,263.5,4.0,1.16,1.7,大跌中融資逆勢加碼,2026-08-11,✅,64.8,50.0,50.0,55.9,觀察 ⭐
BUY★,融資維持率創低反彈（量增）,3234.TWO,121.5,2.97,103.0,15.2,1.15,1.9,維持率當日創低即放量承接 → 搏反彈 3,2026-08-11,✅,64.5,50.0,50.0,55.8,觀察 ⭐
BUY,吊燈出場（Chandelier Exit）,3026.TW,646.0,9.86,741.0,14.7,1.63,3.9,多頭｜停利 741.0,2026-08-11,✅,64.4,50.0,50.0,55.7,觀察 ⭐
BUY,吊燈出場（Chandelier Exit）,2327.TW,617.0,7.68,659.6,6.9,1.12,1.6,多頭｜停利 659.6,2026-08-11,✅,60.8,54.0,50.0,55.5,觀察 ⭐
BUY★,融資維持率創低反彈（量增）,3057.TW,16.8,6.69,15.3,8.7,0.8,2.5,維持率當日創低即放量承接 → 搏反彈 3,2026-08-11,✅,63.5,50.0,50.0,55.4,觀察 ⭐
BUY★,融資維持率創低反彈（量增）,2438.TW,19.2,10.0,17.6,8.5,0.79,2.4,維持率當日創低即放量承接 → 搏反彈 3,2026-08-11,✅,63.5,50.0,50.0,55.4,觀察 ⭐
BUY★,融資維持率創低反彈（量增）,6144.TWO,14.6,9.81,13.2,9.6,0.84,8.2,維持率當日創低即放量承接 → 搏反彈 3,2026-08-11,✅,63.3,50.0,50.0,55.3,觀察 ⭐
BUY,吊燈出場（Chandelier Exit）,2481.TW,141.5,2.91,160.0,13.0,0.99,1.3,多頭｜停利 160.0,2026-08-11,✅,47.7,70.8,50.0,55.3,觀察 ⭐
BUY,吊燈出場（Chandelier Exit）,2891.TW,66.8,0.45,63.3,5.2,1.1,0.7,多頭｜停利 63.3,2026-08-11,✅,62.7,50.0,50.0,55.1,觀察 ⭐
BUY,吊燈出場（Chandelier Exit）,6949.TW,1020.0,7.59,909.8,10.8,1.38,1.0,多頭｜停利 909.8,2026-08-11,✅,62.7,50.0,50.0,55.1,觀察 ⭐
PRE-DEF,A+B+C 籌碼趨勢（M哥完整版）,6834.TW,106.0,9.73,0.0,0.0,1.82,2.6,扣抵預警+籌碼（A即將成立）,2026-08-11,✅,62.5,50.0,50.0,55.0,觀察 ⭐
PRE-DEF,A+B+C 籌碼趨勢（M哥完整版）,4707.TWO,30.0,-6.1,0.0,0.0,1.88,1.6,扣抵預警+籌碼（A即將成立）,2026-08-11,✅,62.5,50.0,50.0,55.0,觀察 ⭐
SETUP,A+B+C 籌碼趨勢（M哥完整版）,6213.TW,452.0,5.73,0.0,0.0,1.67,0.8,A+B1成立，等量縮平台,2026-08-11,✅,62.5,50.0,50.0,55.0,觀察 ⭐
PRE-DEF,A+B+C 籌碼趨勢（M哥完整版）,2380.TW,19.3,1.05,0.0,0.0,2.84,0.3,扣抵預警+籌碼（A即將成立）,2026-08-11,✅,62.5,50.0,50.0,55.0,觀察 ⭐
SETUP,A+B+C 籌碼趨勢（M哥完整版）,6446.TW,1460.0,9.77,0.0,0.0,1.64,1.8,A+B1成立，等量縮平台,2026-08-11,✅,61.7,50.0,50.0,54.7,觀察 ⭐
PRE-DEF,A+B+C 籌碼趨勢（M哥完整版）,2302.TW,46.0,8.35,0.0,0.0,1.63,1.8,扣抵預警+籌碼（A即將成立）,2026-08-11,✅,61.4,50.0,50.0,54.6,觀察 ⭐
BUY,吊燈出場（Chandelier Exit）,4590.TW,89.8,8.06,83.8,6.6,1.1,4.0,多頭｜停利 83.8,2026-08-11,✅,60.6,50.0,50.0,54.2,觀察 ⭐
PRE-DEF,A+B+C 籌碼趨勢（M哥完整版）,2014.TW,17.6,-1.67,0.0,0.0,0.94,0.9,扣抵預警+籌碼（A即將成立）,2026-08-11,✅,40.7,76.4,50.0,54.2,觀察 ⭐
BUY,吊燈出場（Chandelier Exit）,3236.TWO,46.2,7.45,47.1,2.0,1.02,1.9,多頭｜停利 47.1,2026-08-11,✅,60.6,50.0,50.0,54.2,觀察 ⭐
BUY,大跌中融資逆勢買,3066.TWO,21.6,-4.21,21.0,2.5,1.02,1.3,大跌中融資逆勢加碼,2026-08-11,✅,60.6,50.0,50.0,54.2,觀察 ⭐
PRE-DEF,A+B+C 籌碼趨勢（M哥完整版）,0050.TW,104.6,0.34,0.0,0.0,1.0,0.4,扣抵預警+籌碼（A即將成立）,2026-08-11,✅,42.5,73.6,50.0,54.1,觀察 ⭐
BUY,波段回檔再進場（第二買點）,4183.TWO,14.8,0.34,14.0,5.5,1.03,1.1,波段回檔再進場（第二買點）,2026-08-11,✅,60.1,50.0,50.0,54.1,觀察 ⭐
BUY,波段回檔再進場（第二買點）,1339.TW,45.4,0.89,43.9,3.3,1.01,1.6,波段回檔再進場（第二買點）,2026-08-11,✅,60.3,50.0,50.0,54.1,觀察 ⭐
BUY,大跌後外資買進（隔日跟單）,6241.TWO,14.6,-0.34,13.1,9.8,1.25,0.4,大跌後外資買進（隔日跟單）,2026-08-11,✅,60.3,50.0,50.0,54.1,觀察 ⭐
BUY,吊燈出場（Chandelier Exit）,4147.TWO,63.5,4.1,58.3,8.2,1.15,1.7,多頭｜停利 58.3,2026-08-11,✅,59.7,50.0,50.0,53.9,觀察 ⭐
BUY,波段回檔再進場（第二買點）,5348.TWO,17.0,1.5,16.4,3.4,0.99,3.2,波段回檔再進場（第二買點）,2026-08-11,✅,59.7,50.0,50.0,53.9,觀察 ⭐
BUY,波段回檔再進場（第二買點）,4736.TW,131.5,0.77,126.5,3.8,0.98,1.5,波段回檔再進場（第二買點）,2026-08-11,✅,59.4,50.0,50.0,53.8,觀察 ⭐
BUY,吊燈出場（Chandelier Exit）,2546.TW,96.2,3.89,90.1,6.3,1.04,3.2,多頭｜停利 90.1,2026-08-11,✅,59.2,50.0,50.0,53.7,觀察 ⭐
BUY,大跌中融資逆勢買,2414.TW,51.9,-8.47,51.3,1.2,0.96,2.9,大跌中融資逆勢加碼,2026-08-11,✅,58.8,50.0,50.0,53.5,觀察 ⭐
BUY,量縮整理→出量突破（融資沒走）,9962.TWO,10.4,2.99,9.8,5.5,0.98,3.5,量縮整理後真出量突破（融資沒走）,2026-08-11,✅,58.6,50.0,50.0,53.5,觀察 ⭐
PRE-DEF,A+B+C 籌碼趨勢（M哥完整版）,2388.TW,79.2,-1.86,0.0,0.0,0.95,0.6,扣抵預警+籌碼（A即將成立）,2026-08-11,✅,41.0,73.6,50.0,53.5,觀察 ⭐
BUY,吊燈出場（Chandelier Exit）,2636.TW,68.1,3.5,64.5,5.2,0.96,2.5,多頭｜停利 64.5,2026-08-11,✅,58.5,50.0,50.0,53.4,觀察 ⭐
BUY,Stage 2 突破（變盤三部曲）,8107.TWO,12.1,3.42,11.5,4.8,0.95,4.0,stage2,2026-08-11,✅,58.5,50.0,50.0,53.4,觀察 ⭐
BUY,吊燈出場（Chandelier Exit）,8107.TWO,12.1,3.42,11.5,4.6,0.95,4.0,多頭｜停利 11.5,2026-08-11,✅,58.5,50.0,50.0,53.4,觀察 ⭐
BUY,波段回檔再進場（第二買點）,6606.TW,27.1,2.65,25.5,6.0,0.99,1.6,波段回檔再進場（第二買點）,2026-08-11,✅,58.2,50.0,50.0,53.3,觀察 ⭐
BUY,吊燈出場（Chandelier Exit）,2393.TW,64.2,2.88,61.9,3.5,0.94,1.0,多頭｜停利 61.9,2026-08-11,✅,58.2,50.0,50.0,53.3,觀察 ⭐
BUY,吊燈出場（Chandelier Exit）,3537.TWO,57.0,9.83,55.8,2.2,0.94,2.8,多頭｜停利 55.8,2026-08-11,✅,58.2,50.0,50.0,53.3,觀察 ⭐
BUY,主題基本面輪動,1736.TW,145.0,3.94,134.0,7.6,1.06,1.3,"主題突破（RS:Date
2015-01",2026-08-11,✅,57.9,50.0,50.0,53.2,觀察 ⭐
BUY,波段回檔再進場（第二買點）,2321.TW,15.6,1.96,14.3,8.1,1.09,5.0,波段回檔再進場（第二買點）,2026-08-11,✅,58.1,50.0,50.0,53.2,觀察 ⭐
BUY,吊燈出場（Chandelier Exit）,1336.TWO,16.2,9.83,14.8,8.6,1.11,0.7,多頭｜停利 14.8,2026-08-11,✅,57.9,50.0,50.0,53.2,觀察 ⭐
BUY,波段回檔再進場（第二買點）,2106.TW,18.9,3.0,17.6,6.9,1.02,1.3,波段回檔再進場（第二買點）,2026-08-11,✅,57.8,50.0,50.0,53.1,觀察 ⭐
BUY,吊燈出場（Chandelier Exit）,3622.TW,54.9,1.1,52.3,4.7,0.92,0.8,多頭｜停利 52.3,2026-08-11,✅,57.6,50.0,50.0,53.0,觀察 ⭐
BUY,吊燈出場（Chandelier Exit）,2471.TW,50.1,1.21,49.9,0.4,0.91,0.8,多頭｜停利 49.9,2026-08-11,✅,57.3,50.0,50.0,52.9,觀察 ⭐
BUY,吊燈出場（Chandelier Exit）,6173.TWO,185.0,9.79,198.2,7.1,1.01,4.5,多頭｜停利 198.2,2026-08-11,✅,57.1,50.0,50.0,52.9,觀察 ⭐
BUY,吊燈出場（Chandelier Exit）,6743.TW,28.1,8.29,27.2,3.2,0.9,2.5,多頭｜停利 27.2,2026-08-11,✅,57.0,50.0,50.0,52.8,觀察 ⭐
BUY,吊燈出場（Chandelier Exit）,4711.TWO,16.7,3.09,15.8,5.2,0.91,2.4,多頭｜停利 15.8,2026-08-11,✅,57.0,50.0,50.0,52.8,觀察 ⭐
BUY,吊燈出場（Chandelier Exit）,6171.TWO,24.5,3.15,23.1,6.0,0.95,0.1,多頭｜停利 23.1,2026-08-10,✅,57.0,50.0,50.0,52.8,觀察 ⭐
BUY,吊燈出場（Chandelier Exit）,2609.TW,52.0,0.78,48.6,6.6,0.97,1.4,多頭｜停利 48.6,2026-08-11,✅,56.7,50.0,50.0,52.7,觀察 ⭐
BUY,吊燈出場（Chandelier Exit）,5356.TWO,25.6,2.6,24.8,3.4,0.89,2.2,多頭｜停利 24.8,2026-08-11,✅,56.7,50.0,50.0,52.7,觀察 ⭐
BUY,吊燈出場（Chandelier Exit）,5223.TWO,23.8,0.21,23.2,2.5,0.89,0.5,多頭｜停利 23.2,2026-08-11,✅,56.7,50.0,50.0,52.7,觀察 ⭐
BUY,吊燈出場（Chandelier Exit）,2105.TW,31.8,0.32,31.7,0.4,0.89,0.4,多頭｜停利 31.7,2026-08-11,✅,56.7,50.0,50.0,52.7,觀察 ⭐
BUY,吊燈出場（Chandelier Exit）,8941.TWO,43.8,0.92,42.5,3.1,0.89,0.6,多頭｜停利 42.5,2026-08-11,✅,56.7,50.0,50.0,52.7,觀察 ⭐
BUY,吊燈出場（Chandelier Exit）,5604.TWO,30.6,0.66,30.1,1.6,0.89,0.4,多頭｜停利 30.1,2026-08-11,✅,56.7,50.0,50.0,52.7,觀察 ⭐
BUY,Stage 2 突破（變盤三部曲）,8403.TWO,19.3,1.05,19.0,1.7,0.89,3.0,stage2,2026-08-11,✅,56.7,50.0,50.0,52.7,觀察 ⭐
BUY,吊燈出場（Chandelier Exit）,6248.TWO,18.0,0.28,17.4,3.3,0.88,1.0,多頭｜停利 17.4,2026-08-11,✅,56.4,50.0,50.0,52.6,觀察 ⭐
BUY,吊燈出場（Chandelier Exit）,5014.TWO,11.2,1.35,10.4,7.3,0.99,1.7,多頭｜停利 10.4,2026-08-11,✅,56.2,50.0,50.0,52.5,觀察 ⭐
PRE-DEF,A+B+C 籌碼趨勢（M哥完整版）,3022.TW,108.0,-4.42,0.0,0.0,1.45,1.9,扣抵預警+籌碼（A即將成立）,2026-08-11,✅,56.0,50.0,50.0,52.4,觀察 ⭐
BUY,吊燈出場（Chandelier Exit）,3306.TWO,44.5,1.14,44.0,1.2,0.87,0.6,多頭｜停利 44.0,2026-08-11,✅,56.1,50.0,50.0,52.4,觀察 ⭐
BUY,吊燈出場（Chandelier Exit）,1240.TWO,55.8,1.64,53.9,3.3,0.87,1.8,多頭｜停利 53.9,2026-08-11,✅,56.1,50.0,50.0,52.4,觀察 ⭐
BUY,吊燈出場（Chandelier Exit）,2929.TW,6.0,8.56,5.5,8.2,1.03,7.7,多頭｜停利 5.5,2026-08-11,✅,56.1,50.0,50.0,52.4,觀察 ⭐
BUY★,融資維持率創低反彈（量增）,6225.TW,30.5,9.93,25.5,16.2,0.87,2.0,維持率當日創低即放量承接 → 搏反彈 3,2026-08-11,✅,56.1,50.0,50.0,52.4,觀察 ⭐
BUY,吊燈出場（Chandelier Exit）,3093.TWO,49.1,2.29,47.9,2.4,0.87,0.7,多頭｜停利 47.9,2026-08-11,✅,56.1,50.0,50.0,52.4,觀察 ⭐
BUY,吊燈出場（Chandelier Exit）,4126.TWO,77.2,0.13,76.5,0.9,0.87,1.6,多頭｜停利 76.5,2026-08-11,✅,56.1,50.0,50.0,52.4,觀察 ⭐
BUY,吊燈出場（Chandelier Exit）,4433.TWO,20.0,2.3,19.8,1.3,0.87,1.7,多頭｜停利 19.8,2026-08-11,✅,56.1,50.0,50.0,52.4,觀察 ⭐
BUY,吊燈出場（Chandelier Exit）,5878.TWO,38.9,1.7,38.2,1.7,0.87,0.7,多頭｜停利 38.2,2026-08-11,✅,56.1,50.0,50.0,52.4,觀察 ⭐
BUY,大跌中融資逆勢買,2455.TW,367.5,-4.42,358.5,2.4,0.86,0.4,大跌中融資逆勢加碼,2026-08-11,✅,55.8,50.0,50.0,52.3,觀察 ⭐
BUY,吊燈出場（Chandelier Exit）,3073.TWO,22.8,3.17,21.1,7.6,0.98,4.1,多頭｜停利 21.1,2026-08-11,✅,55.5,50.0,50.0,52.2,觀察 ⭐
BUY,大跌中融資逆勢買,3055.TW,106.5,-6.17,103.0,3.3,0.85,2.2,大跌中融資逆勢加碼,2026-08-11,✅,55.5,50.0,50.0,52.2,觀察 ⭐
BUY,吊燈出場（Chandelier Exit）,9802.TW,74.9,5.05,70.2,6.2,0.9,2.2,多頭｜停利 70.2,2026-08-11,✅,55.2,50.0,50.0,52.1,觀察 ⭐
BUY,大跌後外資買進（隔日跟單）,6161.TWO,53.1,0.0,49.0,7.6,0.97,0.6,大跌後外資買進（隔日跟單）,2026-08-11,✅,55.2,50.0,50.0,52.1,觀察 ⭐
BUY,量縮整理→出量突破（融資沒走）,6144.TWO,14.6,9.81,14.2,2.2,0.84,8.2,量縮整理後真出量突破（融資沒走）,2026-08-11,❌融資大減(-100%),55.2,50.0,50.0,52.1,觀察 ⭐
BUY,吊燈出場（Chandelier Exit）,3297.TWO,28.4,0.71,28.3,0.3,0.84,0.3,多頭｜停利 28.3,2026-08-11,✅,55.2,50.0,50.0,52.1,觀察 ⭐
BUY,大跌中融資逆勢買,7750.TW,2355.0,-5.23,2285.0,3.0,0.84,1.3,大跌中融資逆勢加碼,2026-08-11,✅,55.2,50.0,50.0,52.1,觀察 ⭐
BUY,大跌中融資逆勢買,3016.TW,101.5,-5.14,97.5,3.9,0.83,0.6,大跌中融資逆勢加碼,2026-08-11,✅,54.9,50.0,50.0,52.0,觀察 ⭐
BUY,吊燈出場（Chandelier Exit）,3206.TWO,34.8,3.11,34.5,0.9,0.83,1.1,多頭｜停利 34.5,2026-08-11,✅,54.9,50.0,50.0,52.0,觀察 ⭐
BUY,吊燈出場（Chandelier Exit）,7747.TWO,116.0,0.43,114.3,1.4,0.83,1.0,多頭｜停利 114.3,2026-08-11,✅,54.9,50.0,50.0,52.0,觀察 ⭐
BUY,吊燈出場（Chandelier Exit）,4743.TWO,47.3,4.07,44.8,5.3,0.85,1.0,多頭｜停利 44.8,2026-08-11,✅,55.0,50.0,50.0,52.0,觀察 ⭐
BUY,吊燈出場（Chandelier Exit）,2545.TW,33.9,2.26,32.9,2.9,0.82,1.3,多頭｜停利 32.9,2026-08-11,✅,54.6,50.0,50.0,51.8,觀察 ⭐
BUY,吊燈出場（Chandelier Exit）,8043.TWO,147.5,9.67,131.8,10.7,1.1,2.0,多頭｜停利 131.8,2026-08-11,✅,54.5,50.0,50.0,51.8,觀察 ⭐
PRE,A+B+C 籌碼趨勢（M哥完整版）,9921.TW,111.5,9.85,0.0,0.0,1.4,2.6,均線轉下出場,2026-08-11,✅,54.5,50.0,50.0,51.8,觀察 ⭐
PRE-DEF,A+B+C 籌碼趨勢（M哥完整版）,8039.TW,216.0,-4.42,0.0,0.0,1.39,0.5,扣抵預警+籌碼（A即將成立）,2026-08-11,✅,54.2,50.0,50.0,51.7,觀察 ⭐
BUY,吊燈出場（Chandelier Exit）,8358.TWO,380.5,9.97,395.9,4.0,0.81,1.9,多頭｜停利 395.9,2026-08-11,✅,54.3,50.0,50.0,51.7,觀察 ⭐
BUY,量縮整理→出量突破（融資沒走）,6028.TWO,87.0,1.99,79.7,8.4,0.98,4.4,量縮整理後真出量突破（融資沒走）,2026-08-11,❌無融資資料,54.3,50.0,50.0,51.7,觀察 ⭐
PRE-DEF,A+B+C 籌碼趨勢（M哥完整版）,6949.TW,1020.0,7.59,0.0,0.0,1.38,1.0,扣抵預警+籌碼（A即將成立）,2026-08-11,✅,53.9,50.0,50.0,51.6,觀察 ⭐
BUY,吊燈出場（Chandelier Exit）,2402.TW,55.6,0.18,57.0,2.5,0.79,0.6,多頭｜停利 57.0,2026-08-11,✅,53.7,50.0,50.0,51.5,觀察 ⭐
BUY,吊燈出場（Chandelier Exit）,9955.TW,25.1,2.24,23.8,5.1,0.8,1.6,多頭｜停利 23.8,2026-08-11,✅,53.9,50.0,50.0,51.5,觀察 ⭐
PRE-DEF,A+B+C 籌碼趨勢（M哥完整版）,2887.TW,35.5,-0.97,0.0,0.0,1.37,0.7,扣抵預警+籌碼（A即將成立）,2026-08-11,✅,53.6,50.0,50.0,51.4,觀察 ⭐
BUY,吊燈出場（Chandelier Exit）,7721.TW,63.2,0.48,62.6,0.9,0.78,0.4,多頭｜停利 62.6,2026-08-11,✅,53.4,50.0,50.0,51.4,觀察 ⭐
PRE-DEF,A+B+C 籌碼趨勢（M哥完整版）,6538.TWO,147.0,1.03,0.0,0.0,1.36,0.5,扣抵預警+籌碼（A即將成立）,2026-08-11,✅,53.3,50.0,50.0,51.3,觀察 ⭐
BUY,吊燈出場（Chandelier Exit）,4905.TWO,69.3,1.61,65.4,5.6,0.79,3.0,多頭｜停利 65.4,2026-08-11,✅,52.8,50.0,50.0,51.1,觀察 ⭐
BUY,吊燈出場（Chandelier Exit）,4760.TWO,256.0,4.49,248.9,2.8,0.76,0.9,多頭｜停利 248.9,2026-08-11,✅,52.8,50.0,50.0,51.1,觀察 ⭐
BUY,吊燈出場（Chandelier Exit）,7556.TWO,223.0,0.0,221.0,0.9,0.76,0.5,多頭｜停利 221.0,2026-08-11,✅,52.8,50.0,50.0,51.1,觀察 ⭐
BUY,吊燈出場（Chandelier Exit）,8033.TW,189.0,9.88,229.5,21.4,1.25,1.2,多頭｜停利 229.5,2026-08-11,✅,52.5,50.0,50.0,51.0,觀察 ⭐
BUY,大跌中融資逆勢買,6451.TW,433.0,-5.04,411.5,5.0,0.75,0.3,大跌中融資逆勢加碼,2026-08-11,✅,52.5,50.0,50.0,51.0,觀察 ⭐
BUY,吊燈出場（Chandelier Exit）,6224.TW,59.8,6.79,57.7,3.6,0.74,1.9,多頭｜停利 57.7,2026-08-11,✅,52.2,50.0,50.0,50.9,觀察 ⭐
BUY,吊燈出場（Chandelier Exit）,6192.TW,121.0,4.31,111.9,7.5,0.86,4.0,多頭｜停利 111.9,2026-08-11,✅,52.0,50.0,50.0,50.8,觀察 ⭐
SETUP,A+B+C 籌碼趨勢（M哥完整版）,3605.TW,111.0,1.83,0.0,0.0,1.32,1.6,A+B1成立，等量縮平台,2026-08-11,✅,52.1,50.0,50.0,50.8,觀察 ⭐
PRE,A+B+C 籌碼趨勢（M哥完整版）,3712.TW,22.4,5.91,0.0,0.0,1.31,1.3,均線轉下出場,2026-08-11,✅,51.8,50.0,50.0,50.7,觀察 ⭐
PRE-DEF,A+B+C 籌碼趨勢（M哥完整版）,9105.TW,8.3,-0.12,0.0,0.0,1.31,0.8,扣抵預警+籌碼（A即將成立）,2026-08-11,✅,51.8,50.0,50.0,50.7,觀察 ⭐
BUY,吊燈出場（Chandelier Exit）,3023.TW,318.5,1.27,286.1,10.2,0.98,0.7,多頭｜停利 286.1,2026-08-11,✅,51.6,50.0,50.0,50.6,觀察 ⭐
BUY,吊燈出場（Chandelier Exit）,8081.TW,270.0,0.75,245.8,9.0,0.91,1.3,多頭｜停利 245.8,2026-08-11,✅,51.3,50.0,50.0,50.5,觀察 ⭐
BUY,吊燈出場（Chandelier Exit）,8933.TWO,4.7,4.68,4.4,6.6,0.79,1.7,多頭｜停利 4.4,2026-08-11,✅,51.3,50.0,50.0,50.5,觀察 ⭐
BUY,吊燈出場（Chandelier Exit）,6147.TWO,161.5,4.87,161.1,0.2,0.71,1.1,多頭｜停利 161.1,2026-08-11,✅,51.3,50.0,50.0,50.5,觀察 ⭐
BUY,融資維持率創低反彈（量增）,3631.TWO,34.2,1.04,31.7,7.2,0.81,2.0,維持率創低+融資套牢+量增 → 搏反彈 ,2026-08-11,✅,51.0,50.0,50.0,50.4,觀察 ⭐
BUY,吊燈出場（Chandelier Exit）,3691.TWO,118.0,2.61,123.5,4.7,0.69,1.0,多頭｜停利 123.5,2026-08-11,✅,50.7,50.0,50.0,50.3,觀察 ⭐
BUY,吊燈出場（Chandelier Exit）,6462.TWO,102.5,0.99,98.9,3.5,0.68,1.0,多頭｜停利 98.9,2026-08-11,✅,50.4,50.0,50.0,50.2,觀察 ⭐
SETUP,A+B+C 籌碼趨勢（M哥完整版）,2103.TW,28.6,4.18,0.0,0.0,1.27,4.4,A+B1成立，等量縮平台,2026-08-11,✅,50.6,50.0,50.0,50.2,觀察 ⭐
BUY,吊燈出場（Chandelier Exit）,8213.TW,32.5,6.03,30.1,7.4,0.79,2.0,多頭｜停利 30.1,2026-08-11,✅,50.1,50.0,50.0,50.0,觀察 ⭐
BUY,大跌中融資逆勢買,8210.TW,1015.0,-5.58,1000.0,1.5,0.67,1.7,大跌中融資逆勢加碼,2026-08-11,✅,50.1,50.0,50.0,50.0,觀察 ⭐
PRE-DEF,A+B+C 籌碼趨勢（M哥完整版）,1563.TW,62.1,9.91,0.0,0.0,1.25,2.9,扣抵預警+籌碼（A即將成立）,2026-08-11,✅,50.0,50.0,50.0,50.0,觀察 ⭐
PRE-DEF,A+B+C 籌碼趨勢（M哥完整版）,2033.TW,20.5,9.89,0.0,0.0,1.25,8.3,扣抵預警+籌碼（A即將成立）,2026-08-11,✅,50.0,50.0,50.0,50.0,觀察 ⭐
BUY,吊燈出場（Chandelier Exit）,8227.TWO,158.0,9.72,149.5,5.4,0.69,2.0,多頭｜停利 149.5,2026-08-11,✅,50.1,50.0,50.0,50.0,觀察 ⭐
PRE,A+B+C 籌碼趨勢（M哥完整版）,9914.TW,94.3,9.65,0.0,0.0,1.25,2.3,均線轉下出場,2026-08-11,✅,50.0,50.0,50.0,50.0,觀察 ⭐
PRE-DEF,A+B+C 籌碼趨勢（M哥完整版）,2344.TW,178.0,-0.84,0.0,0.0,1.24,1.5,扣抵預警+籌碼（A即將成立）,2026-08-11,✅,49.7,50.0,50.0,49.9,中性
BUY,吊燈出場（Chandelier Exit）,3010.TW,125.0,2.04,112.4,10.1,0.91,0.8,多頭｜停利 112.4,2026-08-11,✅,49.6,50.0,50.0,49.9,中性
PRE-DEF,A+B+C 籌碼趨勢（M哥完整版）,2377.TW,154.0,-0.65,0.0,0.0,1.24,0.4,扣抵預警+籌碼（A即將成立）,2026-08-11,✅,49.7,50.0,50.0,49.9,中性
BUY,吊燈出場（Chandelier Exit）,1294.TWO,59.1,1.72,55.7,5.8,0.69,1.0,多頭｜停利 55.7,2026-08-11,✅,49.5,50.0,50.0,49.8,中性
PRE-DEF,A+B+C 籌碼趨勢（M哥完整版）,2464.TW,187.5,4.17,0.0,0.0,1.22,2.7,扣抵預警+籌碼（A即將成立）,2026-08-11,✅,49.1,50.0,50.0,49.6,中性
PRE-DEF,A+B+C 籌碼趨勢（M哥完整版）,2881.TW,128.0,-0.39,0.0,0.0,1.22,0.5,扣抵預警+籌碼（A即將成立）,2026-08-11,✅,49.1,50.0,50.0,49.6,中性
PRE,A+B+C 籌碼趨勢（M哥完整版）,3018.TW,12.9,-7.5,0.0,0.0,1.22,0.6,均線轉下出場,2026-08-11,✅,49.1,50.0,50.0,49.6,中性
BUY,吊燈出場（Chandelier Exit）,8162.TW,55.9,2.76,62.3,11.5,0.95,0.7,多頭｜停利 62.3,2026-08-11,✅,48.8,50.0,50.0,49.5,中性
PRE-DEF,A+B+C 籌碼趨勢（M哥完整版）,2357.TW,839.0,2.57,0.0,0.0,1.2,0.7,扣抵預警+籌碼（A即將成立）,2026-08-11,✅,48.5,50.0,50.0,49.4,中性
PRE-DEF,A+B+C 籌碼趨勢（M哥完整版）,2006.TW,85.5,-0.47,0.0,0.0,1.2,0.8,扣抵預警+籌碼（A即將成立）,2026-08-11,✅,48.5,50.0,50.0,49.4,中性
PRE-DEF,A+B+C 籌碼趨勢（M哥完整版）,8261.TW,184.0,2.79,0.0,0.0,1.2,1.3,扣抵預警+籌碼（A即將成立）,2026-08-11,✅,48.5,50.0,50.0,49.4,中性
PRE-DEF,A+B+C 籌碼趨勢（M哥完整版）,6243.TW,45.6,-0.22,0.0,0.0,1.2,0.5,扣抵預警+籌碼（A即將成立）,2026-08-11,✅,48.5,50.0,50.0,49.4,中性
BUY,吊燈出場（Chandelier Exit）,8147.TWO,127.0,0.79,125.2,1.4,0.6,0.5,多頭｜停利 125.2,2026-08-11,✅,48.0,50.0,50.0,49.2,中性
BUY,吊燈出場（Chandelier Exit）,3541.TWO,21.5,2.14,21.5,0.0,0.85,1.1,多頭｜停利 21.5,2026-08-11,✅,48.0,50.0,50.0,49.2,中性
PRE-DEF,A+B+C 籌碼趨勢（M哥完整版）,2890.TW,39.0,0.39,0.0,0.0,1.18,0.6,扣抵預警+籌碼（A即將成立）,2026-08-11,✅,47.9,50.0,50.0,49.2,中性
PRE-DEF,A+B+C 籌碼趨勢（M哥完整版）,5434.TW,522.0,1.56,0.0,0.0,1.18,0.6,扣抵預警+籌碼（A即將成立）,2026-08-11,✅,47.9,50.0,50.0,49.2,中性
PRE-DEF,A+B+C 籌碼趨勢（M哥完整版）,2301.TW,268.5,-1.1,0.0,0.0,1.17,1.7,扣抵預警+籌碼（A即將成立）,2026-08-11,✅,47.6,50.0,50.0,49.0,中性
PRE-DEF,A+B+C 籌碼趨勢（M哥完整版）,1708.TW,49.2,-1.4,0.0,0.0,1.17,0.5,扣抵預警+籌碼（A即將成立）,2026-08-11,✅,47.6,50.0,50.0,49.0,中性
PRE-DEF,A+B+C 籌碼趨勢（M哥完整版）,6491.TW,378.0,-0.26,0.0,0.0,1.17,0.6,扣抵預警+籌碼（A即將成立）,2026-08-11,✅,47.6,50.0,50.0,49.0,中性
PRE,A+B+C 籌碼趨勢（M哥完整版）,1526.TW,19.0,3.83,0.0,0.0,1.17,0.6,均線轉下出場,2026-08-11,✅,47.6,50.0,50.0,49.0,中性
BUY,吊燈出場（Chandelier Exit）,6924.TW,119.5,9.63,109.5,8.4,0.75,1.3,多頭｜停利 109.5,2026-08-11,✅,47.4,50.0,50.0,49.0,中性
PRE-DEF,A+B+C 籌碼趨勢（M哥完整版）,3532.TW,284.0,0.35,0.0,0.0,1.16,1.1,扣抵預警+籌碼（A即將成立）,2026-08-11,✅,47.3,50.0,50.0,48.9,中性
BUY,吊燈出場（Chandelier Exit）,1519.TW,703.0,4.77,637.5,9.3,0.79,1.4,多頭｜停利 637.5,2026-08-11,✅,47.2,50.0,50.0,48.9,中性
SETUP,A+B+C 籌碼趨勢（M哥完整版）,1904.TW,24.5,1.24,0.0,0.0,1.16,2.2,A+B1成立，等量縮平台,2026-08-11,✅,47.3,50.0,50.0,48.9,中性
PRE-DEF,A+B+C 籌碼趨勢（M哥完整版）,3147.TWO,226.0,-2.59,0.0,0.0,1.16,0.5,扣抵預警+籌碼（A即將成立）,2026-08-11,✅,47.3,50.0,50.0,48.9,中性
PRE-DEF,A+B+C 籌碼趨勢（M哥完整版）,4542.TWO,274.5,-6.15,0.0,0.0,1.16,1.7,扣抵預警+籌碼（A即將成立）,2026-08-11,✅,47.3,50.0,50.0,48.9,中性
PRE-DEF,A+B+C 籌碼趨勢（M哥完整版）,2645.TW,191.0,0.79,0.0,0.0,1.15,0.7,扣抵預警+籌碼（A即將成立）,2026-08-11,✅,47.0,50.0,50.0,48.8,中性
BUY,吊燈出場（Chandelier Exit）,2438.TW,19.2,10.0,17.4,9.4,0.79,2.4,多頭｜停利 17.4,2026-08-11,✅,47.1,50.0,50.0,48.8,中性
BUY★,融資維持率創低反彈（量增）,5475.TWO,135.0,8.0,119.0,11.9,0.41,3.8,維持率當日創低即放量承接 → 搏反彈 3,2026-08-11,✅,46.9,50.0,50.0,48.8,中性
PRE,A+B+C 籌碼趨勢（M哥完整版）,4119.TW,52.9,0.76,0.0,0.0,1.15,0.7,均線轉下出場,2026-08-11,✅,47.0,50.0,50.0,48.8,中性
PRE,A+B+C 籌碼趨勢（M哥完整版）,9906.TW,40.8,1.62,0.0,0.0,1.15,0.7,均線轉下出場,2026-08-11,✅,47.0,50.0,50.0,48.8,中性
PRE-DEF,A+B+C 籌碼趨勢（M哥完整版）,3652.TW,37.3,1.91,0.0,0.0,1.14,4.9,扣抵預警+籌碼（A即將成立）,2026-08-11,✅,46.7,50.0,50.0,48.7,中性
PRE-DEF,A+B+C 籌碼趨勢（M哥完整版）,2885.TW,68.4,0.29,0.0,0.0,1.14,0.4,扣抵預警+籌碼（A即將成立）,2026-08-11,✅,46.7,50.0,50.0,48.7,中性
PRE-DEF,A+B+C 籌碼趨勢（M哥完整版）,2030.TW,21.1,3.42,0.0,0.0,1.14,5.6,扣抵預警+籌碼（A即將成立）,2026-08-11,✅,46.7,50.0,50.0,48.7,中性
PRE,A+B+C 籌碼趨勢（M哥完整版）,8464.TW,398.0,5.01,0.0,0.0,1.14,1.8,均線轉下出場,2026-08-11,✅,46.7,50.0,50.0,48.7,中性
PRE-DEF,A+B+C 籌碼趨勢（M哥完整版）,7827.TW,161.0,0.63,0.0,0.0,1.13,0.5,扣抵預警+籌碼（A即將成立）,2026-08-11,✅,46.4,50.0,50.0,48.6,中性
PRE-DEF,A+B+C 籌碼趨勢（M哥完整版）,2923.TW,26.0,-5.63,0.0,0.0,1.13,0.7,扣抵預警+籌碼（A即將成立）,2026-08-11,✅,46.4,50.0,50.0,48.6,中性
PRE-DEF,A+B+C 籌碼趨勢（M哥完整版）,1907.TW,30.2,-1.94,0.0,0.0,1.13,0.9,扣抵預警+籌碼（A即將成立）,2026-08-11,✅,46.4,50.0,50.0,48.6,中性
PRE-DEF,A+B+C 籌碼趨勢（M哥完整版）,6196.TW,510.0,0.59,0.0,0.0,1.13,0.5,扣抵預警+籌碼（A即將成立）,2026-08-11,✅,46.4,50.0,50.0,48.6,中性
PRE,A+B+C 籌碼趨勢（M哥完整版）,4763.TW,51.6,3.2,0.0,0.0,1.12,1.6,均線轉下出場,2026-08-11,✅,46.1,50.0,50.0,48.4,中性
PRE-DEF,A+B+C 籌碼趨勢（M哥完整版）,2867.TW,9.5,-2.27,0.0,0.0,1.12,0.6,扣抵預警+籌碼（A即將成立）,2026-08-11,✅,46.1,50.0,50.0,48.4,中性
PRE-DEF,A+B+C 籌碼趨勢（M哥完整版）,6202.TW,64.3,0.78,0.0,0.0,1.11,0.8,扣抵預警+籌碼（A即將成立）,2026-08-11,✅,45.8,50.0,50.0,48.3,中性
PRE-DEF,A+B+C 籌碼趨勢（M哥完整版）,1517.TW,12.3,4.24,0.0,0.0,1.11,1.5,扣抵預警+籌碼（A即將成立）,2026-08-11,✅,45.8,50.0,50.0,48.3,中性
PRE-DEF,A+B+C 籌碼趨勢（M哥完整版）,2362.TW,47.3,1.07,0.0,0.0,1.1,0.9,均線轉下出場,2026-08-11,✅,45.5,50.0,50.0,48.2,中性
PRE-DEF,A+B+C 籌碼趨勢（M哥完整版）,2891.TW,66.8,0.45,0.0,0.0,1.1,0.7,扣抵預警+籌碼（A即將成立）,2026-08-11,✅,45.5,50.0,50.0,48.2,中性
PRE-DEF,A+B+C 籌碼趨勢（M哥完整版）,3037.TW,992.0,0.0,0.0,0.0,1.1,0.2,扣抵預警+籌碼（A即將成立）,2026-08-11,✅,45.5,50.0,50.0,48.2,中性
PRE-DEF,A+B+C 籌碼趨勢（M哥完整版）,2031.TW,46.1,-0.86,0.0,0.0,1.1,1.4,均線轉下出場,2026-08-11,✅,45.5,50.0,50.0,48.2,中性
PRE,A+B+C 籌碼趨勢（M哥完整版）,2915.TW,53.6,0.37,0.0,0.0,1.09,0.8,均線轉下出場,2026-08-11,✅,45.2,50.0,50.0,48.1,中性
PRE-DEF,A+B+C 籌碼趨勢（M哥完整版）,2637.TW,87.3,-0.91,0.0,0.0,1.09,0.6,扣抵預警+籌碼（A即將成立）,2026-08-11,✅,45.2,50.0,50.0,48.1,中性
PRE,A+B+C 籌碼趨勢（M哥完整版）,5516.TWO,13.1,-0.38,0.0,0.0,1.09,1.5,均線轉下出場,2026-08-11,✅,45.2,50.0,50.0,48.1,中性
PRE-DEF,A+B+C 籌碼趨勢（M哥完整版）,1440.TW,13.7,1.48,0.0,0.0,1.09,1.6,均線轉下出場,2026-08-11,✅,45.2,50.0,50.0,48.1,中性
BUY,吊燈出場（Chandelier Exit）,5425.TWO,86.0,2.02,99.8,16.1,1.0,1.1,多頭｜停利 99.8,2026-08-11,✅,45.0,50.0,50.0,48.0,中性
PRE-DEF,A+B+C 籌碼趨勢（M哥完整版）,1455.TW,9.6,-3.03,0.0,0.0,1.08,1.9,扣抵預警+籌碼（A即將成立）,2026-08-11,✅,44.9,50.0,50.0,48.0,中性
BUY,大跌中融資逆勢買,6830.TW,408.5,-3.77,390.5,4.4,0.5,0.8,大跌中融資逆勢加碼,2026-08-11,✅,45.0,50.0,50.0,48.0,中性
PRE-DEF,A+B+C 籌碼趨勢（M哥完整版）,5306.TW,99.6,2.68,0.0,0.0,1.08,1.3,扣抵預警+籌碼（A即將成立）,2026-08-11,✅,44.9,50.0,50.0,48.0,中性
PRE,A+B+C 籌碼趨勢（M哥完整版）,3617.TW,229.0,-2.14,0.0,0.0,1.08,0.6,均線轉下出場,2026-08-11,✅,44.9,50.0,50.0,48.0,中性
PRE-DEF,A+B+C 籌碼趨勢（M哥完整版）,3003.TW,70.5,2.62,0.0,0.0,1.08,4.8,扣抵預警+籌碼（A即將成立）,2026-08-11,✅,44.9,50.0,50.0,48.0,中性
BUY,吊燈出場（Chandelier Exit）,8155.TWO,316.0,2.43,286.6,9.3,0.7,0.7,多頭｜停利 286.6,2026-08-11,✅,44.5,50.0,50.0,47.8,中性
PRE-DEF,A+B+C 籌碼趨勢（M哥完整版）,9934.TW,11.4,-5.0,0.0,0.0,1.07,4.7,扣抵預警+籌碼（A即將成立）,2026-08-11,✅,44.6,50.0,50.0,47.8,中性
PRE-DEF,A+B+C 籌碼趨勢（M哥完整版）,3489.TWO,26.0,0.0,0.0,0.0,1.07,0.8,扣抵預警+籌碼（A即將成立）,2026-08-11,✅,44.6,50.0,50.0,47.8,中性
PRE,A+B+C 籌碼趨勢（M哥完整版）,6589.TW,52.6,3.75,0.0,0.0,1.07,2.1,均線轉下出場,2026-08-11,✅,44.6,50.0,50.0,47.8,中性
PRE,A+B+C 籌碼趨勢（M哥完整版）,2392.TW,39.6,4.35,0.0,0.0,1.07,2.3,均線轉下出場,2026-08-11,✅,44.6,50.0,50.0,47.8,中性
PRE-DEF,A+B+C 籌碼趨勢（M哥完整版）,0056.TW,52.3,-0.29,0.0,0.0,1.07,0.4,扣抵預警+籌碼（A即將成立）,2026-08-11,✅,44.6,50.0,50.0,47.8,中性
PRE-DEF,A+B+C 籌碼趨勢（M哥完整版）,3046.TW,60.3,2.03,0.0,0.0,1.07,3.2,扣抵預警+籌碼（A即將成立）,2026-08-11,✅,44.6,50.0,50.0,47.8,中性
SETUP,A+B+C 籌碼趨勢（M哥完整版）,3484.TWO,50.2,-0.99,0.0,0.0,1.06,0.5,A+B1成立，等量縮平台,2026-08-11,✅,44.3,50.0,50.0,47.7,中性
PRE-DEF,A+B+C 籌碼趨勢（M哥完整版）,1434.TW,17.8,0.28,0.0,0.0,1.06,0.2,扣抵預警+籌碼（A即將成立）,2026-08-11,✅,44.3,50.0,50.0,47.7,中性
PRE-DEF,A+B+C 籌碼趨勢（M哥完整版）,6691.TW,728.0,-0.55,0.0,0.0,1.06,0.5,扣抵預警+籌碼（A即將成立）,2026-08-11,✅,44.3,50.0,50.0,47.7,中性
PRE-DEF,A+B+C 籌碼趨勢（M哥完整版）,8905.TWO,34.7,-0.29,0.0,0.0,1.06,0.7,扣抵預警+籌碼（A即將成立）,2026-08-11,✅,44.3,50.0,50.0,47.7,中性
PRE,A+B+C 籌碼趨勢（M哥完整版）,6933.TW,188.0,4.16,0.0,0.0,1.06,2.7,均線轉下出場,2026-08-11,✅,44.3,50.0,50.0,47.7,中性
PRE,A+B+C 籌碼趨勢（M哥完整版）,6969.TW,32.8,-4.37,0.0,0.0,1.06,0.4,均線轉下出場,2026-08-11,✅,44.3,50.0,50.0,47.7,中性
PRE-DEF,A+B+C 籌碼趨勢（M哥完整版）,1608.TW,36.5,1.96,0.0,0.0,1.05,1.6,扣抵預警+籌碼（A即將成立）,2026-08-11,✅,44.0,50.0,50.0,47.6,中性
PRE-DEF,A+B+C 籌碼趨勢（M哥完整版）,6214.TW,143.0,-1.04,0.0,0.0,1.05,0.6,扣抵預警+籌碼（A即將成立）,2026-08-11,✅,44.0,50.0,50.0,47.6,中性
PRE-DEF,A+B+C 籌碼趨勢（M哥完整版）,1742.TWO,17.9,0.28,0.0,0.0,1.05,1.1,扣抵預警+籌碼（A即將成立）,2026-08-11,✅,44.0,50.0,50.0,47.6,中性
SETUP,A+B+C 籌碼趨勢（M哥完整版）,3015.TW,57.0,-2.9,0.0,0.0,1.05,1.1,均線轉下出場,2026-08-11,✅,44.0,50.0,50.0,47.6,中性
PRE-DEF,A+B+C 籌碼趨勢（M哥完整版）,2312.TW,32.8,1.08,0.0,0.0,1.05,1.1,扣抵預警+籌碼（A即將成立）,2026-08-11,✅,44.0,50.0,50.0,47.6,中性
PRE-DEF,A+B+C 籌碼趨勢（M哥完整版）,1466.TW,16.8,-1.47,0.0,0.0,1.04,0.4,扣抵預警+籌碼（A即將成立）,2026-08-11,✅,43.7,50.0,50.0,47.5,中性
PRE-DEF,A+B+C 籌碼趨勢（M哥完整版）,6279.TWO,130.5,0.38,0.0,0.0,1.04,1.8,均線轉下出場,2026-08-11,✅,43.7,50.0,50.0,47.5,中性
PRE-DEF,A+B+C 籌碼趨勢（M哥完整版）,2465.TW,86.9,-7.16,0.0,0.0,1.04,2.9,扣抵預警+籌碼（A即將成立）,2026-08-11,✅,43.7,50.0,50.0,47.5,中性
PRE-DEF,A+B+C 籌碼趨勢（M哥完整版）,2415.TW,30.1,-2.74,0.0,0.0,1.04,0.7,扣抵預警+籌碼（A即將成立）,2026-08-11,✅,43.7,50.0,50.0,47.5,中性
PRE,A+B+C 籌碼趨勢（M哥完整版）,2364.TW,76.0,-0.13,0.0,0.0,1.04,1.1,均線轉下出場,2026-08-11,✅,43.7,50.0,50.0,47.5,中性
PRE,A+B+C 籌碼趨勢（M哥完整版）,8093.TWO,21.9,-3.74,0.0,0.0,1.04,0.6,均線轉下出場,2026-08-11,✅,43.7,50.0,50.0,47.5,中性
SETUP,A+B+C 籌碼趨勢（M哥完整版）,3296.TW,23.1,-1.49,0.0,0.0,1.04,0.2,A+B1成立，等量縮平台,2026-08-11,✅,43.7,50.0,50.0,47.5,中性
PRE,A+B+C 籌碼趨勢（M哥完整版）,6578.TWO,18.4,-1.34,0.0,0.0,1.04,0.2,均線轉下出場,2026-08-11,✅,43.7,50.0,50.0,47.5,中性
PRE-DEF,A+B+C 籌碼趨勢（M哥完整版）,3017.TW,2760.0,-0.18,0.0,0.0,1.04,0.7,扣抵預警+籌碼（A即將成立）,2026-08-11,✅,43.7,50.0,50.0,47.5,中性
PRE,A+B+C 籌碼趨勢（M哥完整版）,9941.TW,85.4,0.23,0.0,0.0,1.04,1.0,均線轉下出場,2026-08-11,✅,43.7,50.0,50.0,47.5,中性
PRE,A+B+C 籌碼趨勢（M哥完整版）,1439.TW,28.9,-1.37,0.0,0.0,1.03,0.4,均線轉下出場,2026-08-11,✅,43.4,50.0,50.0,47.4,中性
PRE,A+B+C 籌碼趨勢（M哥完整版）,4183.TWO,14.8,0.34,0.0,0.0,1.03,1.1,均線轉下出場,2026-08-11,✅,43.4,50.0,50.0,47.4,中性
SETUP,A+B+C 籌碼趨勢（M哥完整版）,2630.TW,48.8,1.04,0.0,0.0,1.03,0.5,A+B1成立，等量縮平台,2026-08-11,✅,43.4,50.0,50.0,47.4,中性
PRE-DEF,A+B+C 籌碼趨勢（M哥完整版）,2353.TW,31.0,0.16,0.0,0.0,1.03,0.5,均線轉下出場,2026-08-11,✅,43.4,50.0,50.0,47.4,中性
PRE-DEF,A+B+C 籌碼趨勢（M哥完整版）,3034.TW,538.0,-1.1,0.0,0.0,1.03,0.5,扣抵預警+籌碼（A即將成立）,2026-08-11,✅,43.4,50.0,50.0,47.4,中性
PRE,A+B+C 籌碼趨勢（M哥完整版）,2397.TW,67.7,-0.44,0.0,0.0,1.03,2.3,均線轉下出場,2026-08-11,✅,43.4,50.0,50.0,47.4,中性
PRE,A+B+C 籌碼趨勢（M哥完整版）,2615.TW,87.1,-0.46,0.0,0.0,1.03,1.2,均線轉下出場,2026-08-11,✅,43.4,50.0,50.0,47.4,中性
PRE,A+B+C 籌碼趨勢（M哥完整版）,3029.TW,108.0,-0.92,0.0,0.0,1.03,0.7,均線轉下出場,2026-08-11,✅,43.4,50.0,50.0,47.4,中性
PRE-DEF,A+B+C 籌碼趨勢（M哥完整版）,1909.TW,10.1,-0.49,0.0,0.0,1.02,0.7,扣抵預警+籌碼（A即將成立）,2026-08-11,✅,43.1,50.0,50.0,47.2,中性
PRE-DEF,A+B+C 籌碼趨勢（M哥完整版）,4545.TW,32.6,-1.21,0.0,0.0,1.02,0.5,扣抵預警+籌碼（A即將成立）,2026-08-11,✅,43.1,50.0,50.0,47.2,中性
PRE,A+B+C 籌碼趨勢（M哥完整版）,3293.TWO,804.0,1.52,0.0,0.0,1.02,1.2,均線轉下出場,2026-08-11,✅,43.1,50.0,50.0,47.2,中性
PRE-DEF,A+B+C 籌碼趨勢（M哥完整版）,1203.TW,46.0,-0.43,0.0,0.0,1.02,0.4,扣抵預警+籌碼（A即將成立）,2026-08-11,✅,43.1,50.0,50.0,47.2,中性
PRE-DEF,A+B+C 籌碼趨勢（M哥完整版）,6416.TW,99.7,-3.67,0.0,0.0,1.02,0.9,扣抵預警+籌碼（A即將成立）,2026-08-11,✅,43.1,50.0,50.0,47.2,中性
PRE-DEF,A+B+C 籌碼趨勢（M哥完整版）,3706.TW,90.0,-3.12,0.0,0.0,1.02,1.0,扣抵預警+籌碼（A即將成立）,2026-08-11,✅,43.1,50.0,50.0,47.2,中性
SETUP,A+B+C 籌碼趨勢（M哥完整版）,2537.TW,10.9,-0.45,0.0,0.0,1.02,0.4,A+B1成立，等量縮平台,2026-08-11,✅,43.1,50.0,50.0,47.2,中性
PRE-DEF,A+B+C 籌碼趨勢（M哥完整版）,8070.TW,48.5,-0.51,0.0,0.0,1.01,0.6,扣抵預警+籌碼（A即將成立）,2026-08-11,✅,42.8,50.0,50.0,47.1,中性
PRE-DEF,A+B+C 籌碼趨勢（M哥完整版）,6782.TW,212.0,-0.93,0.0,0.0,1.01,0.7,扣抵預警+籌碼（A即將成立）,2026-08-11,✅,42.8,50.0,50.0,47.1,中性
PRE-DEF,A+B+C 籌碼趨勢（M哥完整版）,6753.TW,141.0,-0.7,0.0,0.0,1.01,0.8,扣抵預警+籌碼（A即將成立）,2026-08-11,✅,42.8,50.0,50.0,47.1,中性
PRE-DEF,A+B+C 籌碼趨勢（M哥完整版）,6195.TWO,28.9,-0.52,0.0,0.0,1.01,1.9,均線轉下出場,2026-08-11,✅,42.8,50.0,50.0,47.1,中性
PRE-DEF,A+B+C 籌碼趨勢（M哥完整版）,2596.TWO,32.2,0.47,0.0,0.0,1.01,1.4,均線轉下出場,2026-08-11,✅,42.8,50.0,50.0,47.1,中性
PRE-DEF,A+B+C 籌碼趨勢（M哥完整版）,2065.TWO,37.5,6.38,0.0,0.0,1.01,5.6,均線轉下出場,2026-08-11,✅,42.8,50.0,50.0,47.1,中性
PRE-DEF,A+B+C 籌碼趨勢（M哥完整版）,6141.TW,34.7,-0.14,0.0,0.0,1.01,0.2,扣抵預警+籌碼（A即將成立）,2026-08-11,✅,42.8,50.0,50.0,47.1,中性
PRE,A+B+C 籌碼趨勢（M哥完整版）,2247.TW,229.0,-0.22,0.0,0.0,1.01,0.4,均線轉下出場,2026-08-11,✅,42.8,50.0,50.0,47.1,中性
PRE,A+B+C 籌碼趨勢（M哥完整版）,6863.TW,122.0,-7.92,0.0,0.0,1.01,1.5,均線轉下出場,2026-08-11,✅,42.8,50.0,50.0,47.1,中性
PRE,A+B+C 籌碼趨勢（M哥完整版）,6112.TW,46.4,-0.54,0.0,0.0,1.01,0.8,均線轉下出場,2026-08-11,✅,42.8,50.0,50.0,47.1,中性
PRE,A+B+C 籌碼趨勢（M哥完整版）,2516.TW,14.1,0.0,0.0,0.0,1.01,0.8,均線轉下出場,2026-08-11,✅,42.8,50.0,50.0,47.1,中性
PRE-DEF,A+B+C 籌碼趨勢（M哥完整版）,0057.TW,313.1,0.63,0.0,0.0,1.01,1.0,扣抵預警+籌碼（A即將成立）,2026-08-11,✅,42.8,50.0,50.0,47.1,中性
PRE-DEF,A+B+C 籌碼趨勢（M哥完整版）,2008.TW,30.8,-1.76,0.0,0.0,1.01,0.5,扣抵預警+籌碼（A即將成立）,2026-08-11,✅,42.8,50.0,50.0,47.1,中性
PRE-DEF,A+B+C 籌碼趨勢（M哥完整版）,1905.TW,13.4,-0.37,0.0,0.0,1.01,0.7,扣抵預警+籌碼（A即將成立）,2026-08-11,✅,42.8,50.0,50.0,47.1,中性
PRE-DEF,A+B+C 籌碼趨勢（M哥完整版）,1339.TW,45.4,0.89,0.0,0.0,1.01,1.6,均線轉下出場,2026-08-11,✅,42.8,50.0,50.0,47.1,中性
PRE-DEF,A+B+C 籌碼趨勢（M哥完整版）,2910.TW,23.8,-3.05,0.0,0.0,1.01,0.2,扣抵預警+籌碼（A即將成立）,2026-08-11,✅,42.8,50.0,50.0,47.1,中性
PRE-DEF,A+B+C 籌碼趨勢（M哥完整版）,8016.TW,306.0,-1.61,0.0,0.0,1.01,0.5,扣抵預警+籌碼（A即將成立）,2026-08-11,✅,42.8,50.0,50.0,47.1,中性
PRE-DEF,A+B+C 籌碼趨勢（M哥完整版）,3094.TW,37.6,1.76,0.0,0.0,1.01,0.5,扣抵預警+籌碼（A即將成立）,2026-08-11,✅,42.8,50.0,50.0,47.1,中性
PRE-DEF,A+B+C 籌碼趨勢（M哥完整版）,6024.TW,61.6,-0.81,0.0,0.0,1.0,0.5,扣抵預警+籌碼（A即將成立）,2026-08-11,✅,42.5,50.0,50.0,47.0,中性
PRE-DEF,A+B+C 籌碼趨勢（M哥完整版）,2603.TW,218.0,1.87,0.0,0.0,1.0,1.3,扣抵預警+籌碼（A即將成立）,2026-08-11,✅,42.5,50.0,50.0,47.0,中性
PRE-DEF,A+B+C 籌碼趨勢（M哥完整版）,2401.TW,27.4,-1.97,0.0,0.0,1.0,0.5,扣抵預警+籌碼（A即將成立）,2026-08-11,✅,42.5,50.0,50.0,47.0,中性
PRE-DEF,A+B+C 籌碼趨勢（M哥完整版）,1605.TW,38.3,0.79,0.0,0.0,1.0,1.9,扣抵預警+籌碼（A即將成立）,2026-08-11,✅,42.5,50.0,50.0,47.0,中性
PRE-DEF,A+B+C 籌碼趨勢（M哥完整版）,0051.TW,142.7,0.07,0.0,0.0,1.0,0.6,扣抵預警+籌碼（A即將成立）,2026-08-11,✅,42.5,50.0,50.0,47.0,中性
PRE,A+B+C 籌碼趨勢（M哥完整版）,9939.TW,135.5,-6.23,0.0,0.0,1.0,2.0,均線轉下出場,2026-08-11,✅,42.5,50.0,50.0,47.0,中性
PRE-DEF,A+B+C 籌碼趨勢（M哥完整版）,3416.TW,186.0,-5.1,0.0,0.0,1.0,1.1,扣抵預警+籌碼（A即將成立）,2026-08-11,✅,42.5,50.0,50.0,47.0,中性
PRE-DEF,A+B+C 籌碼趨勢（M哥完整版）,2432.TW,28.4,0.35,0.0,0.0,0.99,0.5,扣抵預警+籌碼（A即將成立）,2026-08-11,✅,42.2,50.0,50.0,46.9,中性
PRE-DEF,A+B+C 籌碼趨勢（M哥完整版）,2816.TW,34.0,0.59,0.0,0.0,0.99,0.9,扣抵預警+籌碼（A即將成立）,2026-08-11,✅,42.2,50.0,50.0,46.9,中性
PRE-DEF,A+B+C 籌碼趨勢（M哥完整版）,3211.TWO,400.0,8.11,0.0,0.0,0.99,2.9,扣抵預警+籌碼（A即將成立）,2026-08-11,✅,42.2,50.0,50.0,46.9,中性
SETUP,A+B+C 籌碼趨勢（M哥完整版）,6606.TW,27.1,2.65,0.0,0.0,0.99,1.6,A+B1成立，等量縮平台,2026-08-11,✅,42.2,50.0,50.0,46.9,中性
PRE-DEF,A+B+C 籌碼趨勢（M哥完整版）,2605.TW,32.8,-1.06,0.0,0.0,0.99,0.6,扣抵預警+籌碼（A即將成立）,2026-08-11,✅,42.2,50.0,50.0,46.9,中性
PRE-DEF,A+B+C 籌碼趨勢（M哥完整版）,2832.TW,58.2,-0.51,0.0,0.0,0.99,0.4,扣抵預警+籌碼（A即將成立）,2026-08-11,✅,42.2,50.0,50.0,46.9,中性
PRE,A+B+C 籌碼趨勢（M哥完整版）,9935.TW,20.1,-3.83,0.0,0.0,0.99,1.6,均線轉下出場,2026-08-11,✅,42.2,50.0,50.0,46.9,中性
PRE,A+B+C 籌碼趨勢（M哥完整版）,1229.TW,41.9,2.95,0.0,0.0,0.98,1.3,均線轉下出場,2026-08-11,✅,41.9,50.0,50.0,46.8,中性
PRE-DEF,A+B+C 籌碼趨勢（M哥完整版）,1723.TW,85.2,-1.27,0.0,0.0,0.98,0.5,均線轉下出場,2026-08-11,✅,41.9,50.0,50.0,46.8,中性
PRE-DEF,A+B+C 籌碼趨勢（M哥完整版）,1236.TW,25.2,-1.37,0.0,0.0,0.98,1.3,扣抵預警+籌碼（A即將成立）,2026-08-11,✅,41.9,50.0,50.0,46.8,中性
PRE-DEF,A+B+C 籌碼趨勢（M哥完整版）,4771.TW,201.5,-3.59,0.0,0.0,0.98,2.4,扣抵預警+籌碼（A即將成立）,2026-08-11,✅,41.9,50.0,50.0,46.8,中性
PRE,A+B+C 籌碼趨勢（M哥完整版）,2002.TW,19.8,0.51,0.0,0.0,0.98,1.8,均線轉下出場,2026-08-11,✅,41.9,50.0,50.0,46.8,中性
PRE-DEF,A+B+C 籌碼趨勢（M哥完整版）,2108.TW,29.8,-0.34,0.0,0.0,0.98,1.6,扣抵預警+籌碼（A即將成立）,2026-08-11,✅,41.9,50.0,50.0,46.8,中性
PRE-DEF,A+B+C 籌碼趨勢（M哥完整版）,2025.TW,12.7,-1.17,0.0,0.0,0.98,5.2,扣抵預警+籌碼（A即將成立）,2026-08-11,✅,41.9,50.0,50.0,46.8,中性
PRE-DEF,A+B+C 籌碼趨勢（M哥完整版）,1513.TW,160.5,0.63,0.0,0.0,0.98,0.6,均線轉下出場,2026-08-11,✅,41.9,50.0,50.0,46.8,中性
PRE-DEF,A+B+C 籌碼趨勢（M哥完整版）,1590.TW,1560.0,-0.64,0.0,0.0,0.98,0.7,扣抵預警+籌碼（A即將成立）,2026-08-11,✅,41.9,50.0,50.0,46.8,中性
PRE,A+B+C 籌碼趨勢（M哥完整版）,4153.TWO,33.0,0.0,0.0,0.0,0.98,0.8,均線轉下出場,2026-08-11,✅,41.9,50.0,50.0,46.8,中性
PRE,A+B+C 籌碼趨勢（M哥完整版）,6028.TWO,87.0,1.99,0.0,0.0,0.98,4.4,均線轉下出場,2026-08-11,✅,41.9,50.0,50.0,46.8,中性
PRE,A+B+C 籌碼趨勢（M哥完整版）,6516.TWO,60.6,-0.16,0.0,0.0,0.98,0.6,均線轉下出場,2026-08-11,✅,41.9,50.0,50.0,46.8,中性
SETUP,A+B+C 籌碼趨勢（M哥完整版）,5876.TW,43.1,-0.58,0.0,0.0,0.98,0.3,均線轉下出場,2026-08-11,✅,41.9,50.0,50.0,46.8,中性
PRE-DEF,A+B+C 籌碼趨勢（M哥完整版）,8436.TWO,126.0,0.4,0.0,0.0,0.98,4.0,均線轉下出場,2026-08-11,✅,41.9,50.0,50.0,46.8,中性
PRE-DEF,A+B+C 籌碼趨勢（M哥完整版）,8411.TW,13.0,-0.38,0.0,0.0,0.98,1.2,均線轉下出場,2026-08-11,✅,41.9,50.0,50.0,46.8,中性
PRE-DEF,A+B+C 籌碼趨勢（M哥完整版）,3023.TW,318.5,1.27,0.0,0.0,0.98,0.7,扣抵預警+籌碼（A即將成立）,2026-08-11,✅,41.9,50.0,50.0,46.8,中性
PRE-DEF,A+B+C 籌碼趨勢（M哥完整版）,2421.TW,151.5,1.34,0.0,0.0,0.98,0.9,扣抵預警+籌碼（A即將成立）,2026-08-11,✅,41.9,50.0,50.0,46.8,中性
PRE,A+B+C 籌碼趨勢（M哥完整版）,1539.TW,16.4,0.31,0.0,0.0,0.97,1.2,均線轉下出場,2026-08-11,✅,41.6,50.0,50.0,46.6,中性
PRE,A+B+C 籌碼趨勢（M哥完整版）,2354.TW,62.7,-0.63,0.0,0.0,0.97,1.4,均線轉下出場,2026-08-11,✅,41.6,50.0,50.0,46.6,中性
PRE-DEF,A+B+C 籌碼趨勢（M哥完整版）,4106.TW,24.6,-1.8,0.0,0.0,0.97,1.5,扣抵預警+籌碼（A即將成立）,2026-08-11,✅,41.6,50.0,50.0,46.6,中性
PRE-DEF,A+B+C 籌碼趨勢（M哥完整版）,6840.TWO,68.0,3.03,0.0,0.0,0.97,0.9,扣抵預警+籌碼（A即將成立）,2026-08-11,✅,41.6,50.0,50.0,46.6,中性
PRE-DEF,A+B+C 籌碼趨勢（M哥完整版）,5392.TWO,45.3,-3.82,0.0,0.0,0.97,0.8,扣抵預警+籌碼（A即將成立）,2026-08-11,✅,41.6,50.0,50.0,46.6,中性
PRE-DEF,A+B+C 籌碼趨勢（M哥完整版）,6133.TW,22.0,1.62,0.0,0.0,0.97,0.8,扣抵預警+籌碼（A即將成立）,2026-08-11,✅,41.6,50.0,50.0,46.6,中性
PRE,A+B+C 籌碼趨勢（M哥完整版）,6527.TWO,74.7,-1.97,0.0,0.0,0.97,0.8,均線轉下出場,2026-08-11,✅,41.6,50.0,50.0,46.6,中性
PRE,A+B+C 籌碼趨勢（M哥完整版）,2029.TW,21.3,0.47,0.0,0.0,0.97,1.6,均線轉下出場,2026-08-11,✅,41.6,50.0,50.0,46.6,中性
PRE,A+B+C 籌碼趨勢（M哥完整版）,6952.TW,39.3,-1.01,0.0,0.0,0.97,1.0,均線轉下出場,2026-08-11,✅,41.6,50.0,50.0,46.6,中性
PRE,A+B+C 籌碼趨勢（M哥完整版）,2609.TW,52.0,0.78,0.0,0.0,0.97,1.4,均線轉下出場,2026-08-11,✅,41.6,50.0,50.0,46.6,中性
PRE-DEF,A+B+C 籌碼趨勢（M哥完整版）,5490.TWO,30.2,-3.82,0.0,0.0,0.97,0.5,扣抵預警+籌碼（A即將成立）,2026-08-11,✅,41.6,50.0,50.0,46.6,中性
SETUP,A+B+C 籌碼趨勢（M哥完整版）,1530.TW,28.8,6.08,0.0,0.0,0.97,1.3,均線轉下出場,2026-08-11,✅,41.6,50.0,50.0,46.6,中性
PRE,A+B+C 籌碼趨勢（M哥完整版）,1541.TW,21.5,-2.05,0.0,0.0,0.97,1.2,均線轉下出場,2026-08-11,✅,41.6,50.0,50.0,46.6,中性
PRE-DEF,A+B+C 籌碼趨勢（M哥完整版）,2376.TW,350.5,0.29,0.0,0.0,0.96,0.6,扣抵預警+籌碼（A即將成立）,2026-08-11,✅,41.3,50.0,50.0,46.5,中性
PRE-DEF,A+B+C 籌碼趨勢（M哥完整版）,1503.TW,197.0,0.77,0.0,0.0,0.96,1.0,扣抵預警+籌碼（A即將成立）,2026-08-11,✅,41.3,50.0,50.0,46.5,中性
PRE-DEF,A+B+C 籌碼趨勢（M哥完整版）,6904.TWO,122.0,-0.81,0.0,0.0,0.96,1.9,扣抵預警+籌碼（A即將成立）,2026-08-10,✅,41.3,50.0,50.0,46.5,中性
PRE-DEF,A+B+C 籌碼趨勢（M哥完整版）,2317.TW,263.0,-0.57,0.0,0.0,0.96,0.5,扣抵預警+籌碼（A即將成立）,2026-08-11,✅,41.3,50.0,50.0,46.5,中性
PRE-DEF,A+B+C 籌碼趨勢（M哥完整版）,2032.TW,17.3,-3.08,0.0,0.0,0.96,3.0,扣抵預警+籌碼（A即將成立）,2026-08-11,✅,41.3,50.0,50.0,46.5,中性
PRE,A+B+C 籌碼趨勢（M哥完整版）,1536.TW,51.2,-0.78,0.0,0.0,0.96,0.5,均線轉下出場,2026-08-11,✅,41.3,50.0,50.0,46.5,中性
PRE,A+B+C 籌碼趨勢（M哥完整版）,2477.TW,22.0,-0.45,0.0,0.0,0.96,1.0,X型態+籌碼預警,2026-08-11,✅,41.3,50.0,50.0,46.5,中性
PRE,A+B+C 籌碼趨勢（M哥完整版）,4746.TW,55.0,1.1,0.0,0.0,0.96,1.1,均線轉下出場,2026-08-11,✅,41.3,50.0,50.0,46.5,中性
PRE,A+B+C 籌碼趨勢（M哥完整版）,6958.TW,17.5,-1.45,0.0,0.0,0.96,0.5,均線轉下出場,2026-08-11,✅,41.3,50.0,50.0,46.5,中性
PRE-DEF,A+B+C 籌碼趨勢（M哥完整版）,2509.TW,13.5,-1.1,0.0,0.0,0.96,1.0,扣抵預警+籌碼（A即將成立）,2026-08-11,✅,41.3,50.0,50.0,46.5,中性
PRE-DEF,A+B+C 籌碼趨勢（M哥完整版）,3006.TW,267.5,-2.9,0.0,0.0,0.96,0.5,扣抵預警+籌碼（A即將成立）,2026-08-11,✅,41.3,50.0,50.0,46.5,中性
PRE-DEF,A+B+C 籌碼趨勢（M哥完整版）,3324.TWO,1045.0,3.47,0.0,0.0,0.96,0.8,扣抵預警+籌碼（A即將成立）,2026-08-11,✅,41.3,50.0,50.0,46.5,中性
PRE,A+B+C 籌碼趨勢（M哥完整版）,2705.TW,16.1,-0.62,0.0,0.0,0.96,0.6,均線轉下出場,2026-08-11,✅,41.3,50.0,50.0,46.5,中性
PRE,A+B+C 籌碼趨勢（M哥完整版）,2636.TW,68.1,3.5,0.0,0.0,0.96,2.5,均線轉下出場,2026-08-11,✅,41.3,50.0,50.0,46.5,中性
PRE-DEF,A+B+C 籌碼趨勢（M哥完整版）,6108.TW,19.5,4.55,0.0,0.0,0.96,2.4,扣抵預警+籌碼（A即將成立）,2026-08-11,✅,41.3,50.0,50.0,46.5,中性
PRE-DEF,A+B+C 籌碼趨勢（M哥完整版）,6155.TW,55.2,3.76,0.0,0.0,0.96,1.4,扣抵預警+籌碼（A即將成立）,2026-08-11,✅,41.3,50.0,50.0,46.5,中性
PRE-DEF,A+B+C 籌碼趨勢（M哥完整版）,8162.TW,55.9,2.76,0.0,0.0,0.95,0.7,扣抵預警+籌碼（A即將成立）,2026-08-11,✅,41.0,50.0,50.0,46.4,中性
PRE-DEF,A+B+C 籌碼趨勢（M哥完整版）,2009.TW,40.0,1.01,0.0,0.0,0.95,1.2,扣抵預警+籌碼（A即將成立）,2026-08-11,✅,41.0,50.0,50.0,46.4,中性
PRE-DEF,A+B+C 籌碼趨勢（M哥完整版）,6456.TW,70.6,4.44,0.0,0.0,0.95,3.0,扣抵預警+籌碼（A即將成立）,2026-08-11,✅,41.0,50.0,50.0,46.4,中性
PRE-DEF,A+B+C 籌碼趨勢（M哥完整版）,2476.TW,124.5,-1.19,0.0,0.0,0.95,0.8,扣抵預警+籌碼（A即將成立）,2026-08-11,✅,41.0,50.0,50.0,46.4,中性
PRE-DEF,A+B+C 籌碼趨勢（M哥完整版）,2606.TW,66.4,-0.6,0.0,0.0,0.95,0.7,扣抵預警+籌碼（A即將成立）,2026-08-11,✅,41.0,50.0,50.0,46.4,中性
PRE-DEF,A+B+C 籌碼趨勢（M哥完整版）,4904.TW,101.0,-0.49,0.0,0.0,0.95,0.4,扣抵預警+籌碼（A即將成立）,2026-08-11,✅,41.0,50.0,50.0,46.4,中性
PRE-DEF,A+B+C 籌碼趨勢（M哥完整版）,6613.TWO,260.5,-2.43,0.0,0.0,0.95,1.1,扣抵預警+籌碼（A即將成立）,2026-08-11,✅,41.0,50.0,50.0,46.4,中性
PRE,A+B+C 籌碼趨勢（M哥完整版）,1906.TW,11.1,0.45,0.0,0.0,0.95,1.5,均線轉下出場,2026-08-11,✅,41.0,50.0,50.0,46.4,中性
PRE,A+B+C 籌碼趨勢（M哥完整版）,1402.TW,27.3,0.18,0.0,0.0,0.95,1.0,均線轉下出場,2026-08-11,✅,41.0,50.0,50.0,46.4,中性
SETUP,A+B+C 籌碼趨勢（M哥完整版）,4306.TW,14.3,-0.69,0.0,0.0,0.95,0.5,A+B1成立，等量縮平台,2026-08-11,✅,41.0,50.0,50.0,46.4,中性
PRE,A+B+C 籌碼趨勢（M哥完整版）,4116.TWO,39.4,-1.01,0.0,0.0,0.95,0.0,均線轉下出場,2026-08-11,✅,41.0,50.0,50.0,46.4,中性
PRE-DEF,A+B+C 籌碼趨勢（M哥完整版）,3443.TW,4955.0,9.38,0.0,0.0,0.95,1.8,扣抵預警+籌碼（A即將成立）,2026-08-11,✅,41.0,50.0,50.0,46.4,中性
PRE-DEF,A+B+C 籌碼趨勢（M哥完整版）,3669.TW,38.5,-0.26,0.0,0.0,0.95,0.3,扣抵預警+籌碼（A即將成立）,2026-08-11,✅,41.0,50.0,50.0,46.4,中性
PRE,A+B+C 籌碼趨勢（M哥完整版）,2254.TW,60.9,0.33,0.0,0.0,0.95,0.2,均線轉下出場,2026-08-11,✅,41.0,50.0,50.0,46.4,中性
PRE,A+B+C 籌碼趨勢（M哥完整版）,3027.TW,18.4,-1.34,0.0,0.0,0.95,0.7,均線轉下出場,2026-08-11,✅,41.0,50.0,50.0,46.4,中性
PRE,A+B+C 籌碼趨勢（M哥完整版）,2901.TW,23.8,-0.63,0.0,0.0,0.95,0.4,均線轉下出場,2026-08-11,✅,41.0,50.0,50.0,46.4,中性
PRE,A+B+C 籌碼趨勢（M哥完整版）,2753.TW,183.0,-0.81,0.0,0.0,0.95,0.5,均線轉下出場,2026-08-11,✅,41.0,50.0,50.0,46.4,中性
BUY,吊燈出場（Chandelier Exit）,3030.TW,302.5,2.02,266.4,11.9,0.71,1.0,多頭｜停利 266.4,2026-08-11,✅,40.9,50.0,50.0,46.4,中性
PRE,A+B+C 籌碼趨勢（M哥完整版）,1475.TW,27.1,0.0,0.0,0.0,0.94,1.8,均線轉下出場,2026-08-11,✅,40.7,50.0,50.0,46.3,中性
PRE,A+B+C 籌碼趨勢（M哥完整版）,2754.TWO,72.4,-0.82,0.0,0.0,0.94,2.7,均線轉下出場,2026-08-11,✅,40.7,50.0,50.0,46.3,中性
BUY,大跌後外資買進（隔日跟單）,6187.TWO,1050.0,-3.67,896.7,14.6,0.84,2.1,大跌後外資買進（隔日跟單）,2026-08-11,✅,40.8,50.0,50.0,46.3,中性
PRE-DEF,A+B+C 籌碼趨勢（M哥完整版）,3716.TW,35.5,0.42,0.0,0.0,0.94,1.7,均線轉下出場,2026-08-11,✅,40.7,50.0,50.0,46.3,中性
PRE-DEF,A+B+C 籌碼趨勢（M哥完整版）,7713.TWO,70.6,1.58,0.0,0.0,0.94,2.2,扣抵預警+籌碼（A即將成立）,2026-08-11,✅,40.7,50.0,50.0,46.3,中性
PRE-DEF,A+B+C 籌碼趨勢（M哥完整版）,9905.TW,21.5,0.94,0.0,0.0,0.94,1.7,均線轉下出場,2026-08-11,✅,40.7,50.0,50.0,46.3,中性
PRE-DEF,A+B+C 籌碼趨勢（M哥完整版）,1568.TW,28.5,-0.35,0.0,0.0,0.94,0.4,扣抵預警+籌碼（A即將成立）,2026-08-11,✅,40.7,50.0,50.0,46.3,中性
PRE,A+B+C 籌碼趨勢（M哥完整版）,2607.TW,48.7,0.41,0.0,0.0,0.94,1.2,均線轉下出場,2026-08-11,✅,40.7,50.0,50.0,46.3,中性
PRE-DEF,A+B+C 籌碼趨勢（M哥完整版）,8422.TW,26.6,-0.56,0.0,0.0,0.94,0.5,扣抵預警+籌碼（A即將成立）,2026-08-11,✅,40.7,50.0,50.0,46.3,中性
PRE-DEF,A+B+C 籌碼趨勢（M哥完整版）,3033.TW,50.4,2.13,0.0,0.0,0.94,0.7,扣抵預警+籌碼（A即將成立）,2026-08-11,✅,40.7,50.0,50.0,46.3,中性
PRE,A+B+C 籌碼趨勢（M哥完整版）,6670.TW,269.0,0.94,0.0,0.0,0.93,0.5,均線轉下出場,2026-08-11,✅,40.4,50.0,50.0,46.2,中性
PRE-DEF,A+B+C 籌碼趨勢（M哥完整版）,2612.TW,54.1,-1.64,0.0,0.0,0.93,0.6,扣抵預警+籌碼（A即將成立）,2026-08-11,✅,40.4,50.0,50.0,46.2,中性
PRE-DEF,A+B+C 籌碼趨勢（M哥完整版）,2597.TW,167.5,-0.3,0.0,0.0,0.93,0.9,扣抵預警+籌碼（A即將成立）,2026-08-11,✅,40.4,50.0,50.0,46.2,中性
PRE-DEF,A+B+C 籌碼趨勢（M哥完整版）,6756.TW,99.9,0.0,0.0,0.0,0.93,0.6,扣抵預警+籌碼（A即將成立）,2026-08-11,✅,40.4,50.0,50.0,46.2,中性
SETUP,A+B+C 籌碼趨勢（M哥完整版）,1521.TW,25.0,-1.19,0.0,0.0,0.93,1.1,均線轉下出場,2026-08-11,✅,40.4,50.0,50.0,46.2,中性
PRE-DEF,A+B+C 籌碼趨勢（M哥完整版）,2022.TW,7.8,-1.39,0.0,0.0,0.93,0.7,扣抵預警+籌碼（A即將成立）,2026-08-11,✅,40.4,50.0,50.0,46.2,中性
SETUP,A+B+C 籌碼趨勢（M哥完整版）,6477.TW,35.0,2.95,0.0,0.0,0.93,0.4,A+B1成立，等量縮平台,2026-08-11,✅,40.4,50.0,50.0,46.2,中性
PRE-DEF,A+B+C 籌碼趨勢（M哥完整版）,2010.TW,23.0,-1.71,0.0,0.0,0.93,1.4,扣抵預警+籌碼（A即將成立）,2026-08-11,✅,40.4,50.0,50.0,46.2,中性
PRE-DEF,A+B+C 籌碼趨勢（M哥完整版）,2069.TW,20.0,0.5,0.0,0.0,0.93,2.0,扣抵預警+籌碼（A即將成立）,2026-08-11,✅,40.4,50.0,50.0,46.2,中性
PRE-DEF,A+B+C 籌碼趨勢（M哥完整版）,1308.TW,13.6,-0.37,0.0,0.0,0.93,0.5,扣抵預警+籌碼（A即將成立）,2026-08-11,✅,40.4,50.0,50.0,46.2,中性
PRE-DEF,A+B+C 籌碼趨勢（M哥完整版）,1726.TW,77.4,0.13,0.0,0.0,0.92,0.5,扣抵預警+籌碼（A即將成立）,2026-08-11,✅,40.1,50.0,50.0,46.0,中性
PRE-DEF,A+B+C 籌碼趨勢（M哥完整版）,2727.TW,236.5,-2.07,0.0,0.0,0.92,0.5,均線轉下出場,2026-08-11,✅,40.1,50.0,50.0,46.0,中性
PRE-DEF,A+B+C 籌碼趨勢（M哥完整版）,2897.TW,10.1,0.0,0.0,0.0,0.92,0.7,扣抵預警+籌碼（A即將成立）,2026-08-11,✅,40.1,50.0,50.0,46.0,中性
PRE-DEF,A+B+C 籌碼趨勢（M哥完整版）,2945.TW,40.5,0.0,0.0,0.0,0.92,4.0,扣抵預警+籌碼（A即將成立）,2026-08-11,✅,40.1,50.0,50.0,46.0,中性
PRE-DEF,A+B+C 籌碼趨勢（M哥完整版）,6120.TW,12.9,-3.01,0.0,0.0,0.92,0.8,扣抵預警+籌碼（A即將成立）,2026-08-11,✅,40.1,50.0,50.0,46.0,中性
PRE-DEF,A+B+C 籌碼趨勢（M哥完整版）,5538.TW,34.0,-4.1,0.0,0.0,0.92,2.2,扣抵預警+籌碼（A即將成立）,2026-08-11,✅,40.1,50.0,50.0,46.0,中性
PRE,A+B+C 籌碼趨勢（M哥完整版）,2505.TW,18.1,0.28,0.0,0.0,0.92,0.8,均線轉下出場,2026-08-11,✅,40.1,50.0,50.0,46.0,中性
PRE,A+B+C 籌碼趨勢（M哥完整版）,8481.TW,40.8,0.87,0.0,0.0,0.92,0.5,均線轉下出場,2026-08-11,✅,40.1,50.0,50.0,46.0,中性
PRE,A+B+C 籌碼趨勢（M哥完整版）,6281.TW,51.5,-0.19,0.0,0.0,0.92,0.3,均線轉下出場,2026-08-11,✅,40.1,50.0,50.0,46.0,中性
PRE,A+B+C 籌碼趨勢（M哥完整版）,9910.TW,71.3,1.57,0.0,0.0,0.92,1.1,均線轉下出場,2026-08-11,✅,40.1,50.0,50.0,46.0,中性
PRE-DEF,A+B+C 籌碼趨勢（M哥完整版）,2331.TW,19.2,-3.76,0.0,0.0,0.92,1.0,扣抵預警+籌碼（A即將成立）,2026-08-11,✅,40.1,50.0,50.0,46.0,中性
PRE-DEF,A+B+C 籌碼趨勢（M哥完整版）,8341.TW,76.9,-0.39,0.0,0.0,0.92,0.7,扣抵預警+籌碼（A即將成立）,2026-08-11,✅,40.1,50.0,50.0,46.0,中性
SETUP,A+B+C 籌碼趨勢（M哥完整版）,2359.TW,140.5,-8.47,0.0,0.0,0.92,1.2,均線轉下出場,2026-08-11,✅,40.1,50.0,50.0,46.0,中性
PRE-DEF,A+B+C 籌碼趨勢（M哥完整版）,3622.TW,54.9,1.1,0.0,0.0,0.92,0.8,扣抵預警+籌碼（A即將成立）,2026-08-11,✅,40.1,50.0,50.0,46.0,中性
PRE-DEF,A+B+C 籌碼趨勢（M哥完整版）,9912.TW,12.4,0.4,0.0,0.0,0.91,0.1,扣抵預警+籌碼（A即將成立）,2026-08-11,✅,39.8,50.0,50.0,45.9,中性
PRE-DEF,A+B+C 籌碼趨勢（M哥完整版）,9942.TW,117.5,-0.84,0.0,0.0,0.91,0.9,扣抵預警+籌碼（A即將成立）,2026-08-11,✅,39.8,50.0,50.0,45.9,中性
PRE-DEF,A+B+C 籌碼趨勢（M哥完整版）,6937.TW,287.0,6.1,0.0,0.0,0.91,1.9,扣抵預警+籌碼（A即將成立）,2026-08-11,✅,39.8,50.0,50.0,45.9,中性
PRE,A+B+C 籌碼趨勢（M哥完整版）,1583.TW,49.5,-0.3,0.0,0.0,0.91,1.7,均線轉下出場,2026-08-11,✅,39.8,50.0,50.0,45.9,中性
PRE,A+B+C 籌碼趨勢（M哥完整版）,9931.TW,33.8,0.6,0.0,0.0,0.91,0.3,均線轉下出場,2026-08-11,✅,39.8,50.0,50.0,45.9,中性
PRE,A+B+C 籌碼趨勢（M哥完整版）,3032.TW,78.6,-3.32,0.0,0.0,0.91,0.7,均線轉下出場,2026-08-11,✅,39.8,50.0,50.0,45.9,中性
PRE,A+B+C 籌碼趨勢（M哥完整版）,9926.TW,49.0,-0.51,0.0,0.0,0.91,0.4,均線轉下出場,2026-08-11,✅,39.8,50.0,50.0,45.9,中性
PRE,A+B+C 籌碼趨勢（M哥完整版）,1472.TW,89.0,0.11,0.0,0.0,0.91,0.2,均線轉下出場,2026-08-11,✅,39.8,50.0,50.0,45.9,中性
PRE-DEF,A+B+C 籌碼趨勢（M哥完整版）,6136.TW,25.0,-0.79,0.0,0.0,0.91,1.7,扣抵預警+籌碼（A即將成立）,2026-08-11,✅,39.8,50.0,50.0,45.9,中性
PRE,A+B+C 籌碼趨勢（M哥完整版）,5533.TW,13.9,-0.36,0.0,0.0,0.91,0.7,均線轉下出場,2026-08-11,✅,39.8,50.0,50.0,45.9,中性
PRE,A+B+C 籌碼趨勢（M哥完整版）,6592.TW,61.0,0.49,0.0,0.0,0.91,0.9,均線轉下出場,2026-08-11,✅,39.8,50.0,50.0,45.9,中性
PRE,A+B+C 籌碼趨勢（M哥完整版）,3543.TW,37.1,-1.72,0.0,0.0,0.91,0.7,均線轉下出場,2026-08-11,✅,39.8,50.0,50.0,45.9,中性
PRE-DEF,A+B+C 籌碼趨勢（M哥完整版）,6581.TW,108.0,0.0,0.0,0.0,0.91,0.3,扣抵預警+籌碼（A即將成立）,2026-08-11,✅,39.8,50.0,50.0,45.9,中性
PRE,A+B+C 籌碼趨勢（M哥完整版）,9902.TW,13.8,-0.36,0.0,0.0,0.91,0.6,均線轉下出場,2026-08-11,✅,39.8,50.0,50.0,45.9,中性
PRE-DEF,A+B+C 籌碼趨勢（M哥完整版）,2542.TW,44.5,0.45,0.0,0.0,0.91,0.7,扣抵預警+籌碼（A即將成立）,2026-08-11,✅,39.8,50.0,50.0,45.9,中性
PRE-DEF,A+B+C 籌碼趨勢（M哥完整版）,5484.TW,41.7,-8.05,0.0,0.0,0.91,1.8,扣抵預警+籌碼（A即將成立）,2026-08-11,✅,39.8,50.0,50.0,45.9,中性
PRE-DEF,A+B+C 籌碼趨勢（M哥完整版）,0061.TW,25.0,0.08,0.0,0.0,0.91,2.3,扣抵預警+籌碼（A即將成立）,2026-08-11,✅,39.8,50.0,50.0,45.9,中性
PRE-DEF,A+B+C 籌碼趨勢（M哥完整版）,8081.TW,270.0,0.75,0.0,0.0,0.91,1.3,扣抵預警+籌碼（A即將成立）,2026-08-11,✅,39.8,50.0,50.0,45.9,中性
PRE,A+B+C 籌碼趨勢（M哥完整版）,6929.TWO,23.1,1.09,0.0,0.0,0.9,1.7,均線轉下出場,2026-08-11,✅,39.5,50.0,50.0,45.8,中性
PRE,A+B+C 籌碼趨勢（M哥完整版）,5529.TWO,21.4,-0.47,0.0,0.0,0.9,0.9,均線轉下出場,2026-08-11,✅,39.5,50.0,50.0,45.8,中性
PRE,A+B+C 籌碼趨勢（M哥完整版）,8923.TWO,19.0,1.06,0.0,0.0,0.9,1.2,均線轉下出場,2026-08-10,✅,39.5,50.0,50.0,45.8,中性
PRE,A+B+C 籌碼趨勢（M哥完整版）,4142.TW,17.4,-0.85,0.0,0.0,0.9,0.7,均線轉下出場,2026-08-11,✅,39.5,50.0,50.0,45.8,中性
PRE,A+B+C 籌碼趨勢（M哥完整版）,2013.TW,41.4,0.12,0.0,0.0,0.9,1.5,均線轉下出場,2026-08-11,✅,39.5,50.0,50.0,45.8,中性
PRE,A+B+C 籌碼趨勢（M哥完整版）,1752.TW,32.1,0.63,0.0,0.0,0.9,1.0,均線轉下出場,2026-08-11,✅,39.5,50.0,50.0,45.8,中性
PRE,A+B+C 籌碼趨勢（M哥完整版）,6781.TW,1175.0,-1.67,0.0,0.0,0.9,1.9,均線轉下出場,2026-08-11,✅,39.5,50.0,50.0,45.8,中性
PRE-DEF,A+B+C 籌碼趨勢（M哥完整版）,2412.TW,136.0,-0.37,0.0,0.0,0.9,0.5,扣抵預警+籌碼（A即將成立）,2026-08-11,✅,39.5,50.0,50.0,45.8,中性
PRE-DEF,A+B+C 籌碼趨勢（M哥完整版）,1725.TW,30.6,-0.97,0.0,0.0,0.9,0.7,扣抵預警+籌碼（A即將成立）,2026-08-11,✅,39.5,50.0,50.0,45.8,中性
PRE-DEF,A+B+C 籌碼趨勢（M哥完整版）,9918.TW,42.7,0.35,0.0,0.0,0.9,0.1,扣抵預警+籌碼（A即將成立）,2026-08-11,✅,39.5,50.0,50.0,45.8,中性
PRE-DEF,A+B+C 籌碼趨勢（M哥完整版）,5007.TW,56.4,0.53,0.0,0.0,0.9,3.6,扣抵預警+籌碼（A即將成立）,2026-08-11,✅,39.5,50.0,50.0,45.8,中性
PRE-DEF,A+B+C 籌碼趨勢（M哥完整版）,3308.TW,19.3,-1.78,0.0,0.0,0.9,0.6,扣抵預警+籌碼（A即將成立）,2026-08-11,✅,39.5,50.0,50.0,45.8,中性
PRE-DEF,A+B+C 籌碼趨勢（M哥完整版）,8271.TW,234.5,-0.42,0.0,0.0,0.9,0.5,扣抵預警+籌碼（A即將成立）,2026-08-11,✅,39.5,50.0,50.0,45.8,中性
PRE,A+B+C 籌碼趨勢（M哥完整版）,6641.TW,18.0,-1.37,0.0,0.0,0.89,0.2,均線轉下出場,2026-08-11,✅,39.2,50.0,50.0,45.7,中性
PRE,A+B+C 籌碼趨勢（M哥完整版）,4133.TW,21.0,-1.41,0.0,0.0,0.89,0.2,均線轉下出場,2026-08-11,✅,39.2,50.0,50.0,45.7,中性
PRE,A+B+C 籌碼趨勢（M哥完整版）,2534.TW,17.0,-0.58,0.0,0.0,0.89,0.4,均線轉下出場,2026-08-11,✅,39.2,50.0,50.0,45.7,中性
PRE-DEF,A+B+C 籌碼趨勢（M哥完整版）,4952.TW,49.0,-1.41,0.0,0.0,0.89,0.9,扣抵預警+籌碼（A即將成立）,2026-08-11,✅,39.2,50.0,50.0,45.7,中性
PRE-DEF,A+B+C 籌碼趨勢（M哥完整版）,3413.TW,305.5,-0.65,0.0,0.0,0.89,0.2,扣抵預警+籌碼（A即將成立）,2026-08-11,✅,39.2,50.0,50.0,45.7,中性
PRE-DEF,A+B+C 籌碼趨勢（M哥完整版）,3504.TW,73.6,-0.41,0.0,0.0,0.89,0.2,扣抵預警+籌碼（A即將成立）,2026-08-11,✅,39.2,50.0,50.0,45.7,中性
PRE-DEF,A+B+C 籌碼趨勢（M哥完整版）,8201.TW,12.0,0.0,0.0,0.0,0.89,0.8,扣抵預警+籌碼（A即將成立）,2026-08-11,✅,39.2,50.0,50.0,45.7,中性
PRE-DEF,A+B+C 籌碼趨勢（M哥完整版）,6020.TWO,21.0,2.19,0.0,0.0,0.89,3.1,扣抵預警+籌碼（A即將成立）,2026-08-11,✅,39.2,50.0,50.0,45.7,中性
PRE-DEF,A+B+C 籌碼趨勢（M哥完整版）,4967.TW,274.5,-2.14,0.0,0.0,0.89,1.0,扣抵預警+籌碼（A即將成立）,2026-08-11,✅,39.2,50.0,50.0,45.7,中性
PRE-DEF,A+B+C 籌碼趨勢（M哥完整版）,1504.TW,67.4,0.3,0.0,0.0,0.89,0.4,扣抵預警+籌碼（A即將成立）,2026-08-11,✅,39.2,50.0,50.0,45.7,中性
PRE,A+B+C 籌碼趨勢（M哥完整版）,4747.TWO,56.1,3.7,0.0,0.0,0.88,1.9,均線轉下出場,2026-08-11,✅,38.9,50.0,50.0,45.6,中性
PRE-DEF,A+B+C 籌碼趨勢（M哥完整版）,2049.TW,368.0,-4.91,0.0,0.0,0.88,1.6,扣抵預警+籌碼（A即將成立）,2026-08-11,✅,38.9,50.0,50.0,45.6,中性
PRE-DEF,A+B+C 籌碼趨勢（M哥完整版）,1762.TW,36.1,-1.37,0.0,0.0,0.88,0.9,扣抵預警+籌碼（A即將成立）,2026-08-11,✅,38.9,50.0,50.0,45.6,中性
PRE-DEF,A+B+C 籌碼趨勢（M哥完整版）,1717.TW,71.9,2.71,0.0,0.0,0.88,1.7,扣抵預警+籌碼（A即將成立）,2026-08-11,✅,38.9,50.0,50.0,45.6,中性
PRE,A+B+C 籌碼趨勢（M哥完整版）,4148.TW,32.5,6.04,0.0,0.0,0.88,3.9,均線轉下出場,2026-08-11,✅,38.9,50.0,50.0,45.6,中性
PRE-DEF,A+B+C 籌碼趨勢（M哥完整版）,7704.TWO,64.1,-0.16,0.0,0.0,0.88,0.9,扣抵預警+籌碼（A即將成立）,2026-08-11,✅,38.9,50.0,50.0,45.6,中性
PRE,A+B+C 籌碼趨勢（M哥完整版）,9919.TW,13.9,-0.36,0.0,0.0,0.88,0.2,均線轉下出場,2026-08-11,✅,38.9,50.0,50.0,45.6,中性
PRE,A+B+C 籌碼趨勢（M哥完整版）,1454.TW,12.8,0.39,0.0,0.0,0.88,0.1,均線轉下出場,2026-08-11,✅,38.9,50.0,50.0,45.6,中性
PRE-DEF,A+B+C 籌碼趨勢（M哥完整版）,2460.TW,31.4,-1.42,0.0,0.0,0.88,0.7,扣抵預警+籌碼（A即將成立）,2026-08-11,✅,38.9,50.0,50.0,45.6,中性
BUY,吊燈出場（Chandelier Exit）,3057.TW,16.8,6.69,14.1,15.9,0.8,2.5,多頭｜停利 14.1,2026-08-11,✅,39.0,50.0,50.0,45.6,中性
PRE-DEF,A+B+C 籌碼趨勢（M哥完整版）,3260.TWO,405.5,-1.34,0.0,0.0,0.88,0.6,扣抵預警+籌碼（A即將成立）,2026-08-11,✅,38.9,50.0,50.0,45.6,中性
PRE-DEF,A+B+C 籌碼趨勢（M哥完整版）,5469.TW,75.9,0.0,0.0,0.0,0.88,1.0,扣抵預警+籌碼（A即將成立）,2026-08-11,✅,38.9,50.0,50.0,45.6,中性
PRE,A+B+C 籌碼趨勢（M哥完整版）,6790.TW,38.2,0.0,0.0,0.0,0.88,0.7,均線轉下出場,2026-08-11,✅,38.9,50.0,50.0,45.6,中性
PRE,A+B+C 籌碼趨勢（M哥完整版）,1341.TW,58.7,-0.84,0.0,0.0,0.87,1.6,均線轉下出場,2026-08-11,✅,38.6,50.0,50.0,45.4,中性
PRE-DEF,A+B+C 籌碼趨勢（M哥完整版）,4580.TWO,78.8,0.51,0.0,0.0,0.87,4.7,扣抵預警+籌碼（A即將成立）,2026-08-11,✅,38.6,50.0,50.0,45.4,中性
PRE-DEF,A+B+C 籌碼趨勢（M哥完整版）,6225.TW,30.5,9.93,0.0,0.0,0.87,2.0,扣抵預警+籌碼（A即將成立）,2026-08-11,✅,38.6,50.0,50.0,45.4,中性
PRE-DEF,A+B+C 籌碼趨勢（M哥完整版）,1524.TW,27.2,0.18,0.0,0.0,0.87,0.5,均線轉下出場,2026-08-11,✅,38.6,50.0,50.0,45.4,中性
PRE-DEF,A+B+C 籌碼趨勢（M哥完整版）,1460.TW,6.7,0.15,0.0,0.0,0.87,0.4,扣抵預警+籌碼（A即將成立）,2026-08-11,✅,38.6,50.0,50.0,45.4,中性
SETUP,A+B+C 籌碼趨勢（M哥完整版）,2702.TW,12.4,0.0,0.0,0.0,0.87,0.7,均線轉下出場,2026-08-11,✅,38.6,50.0,50.0,45.4,中性
PRE-DEF,A+B+C 籌碼趨勢（M哥完整版）,3045.TW,109.5,-0.9,0.0,0.0,0.87,1.1,扣抵預警+籌碼（A即將成立）,2026-08-11,✅,38.6,50.0,50.0,45.4,中性
PRE-DEF,A+B+C 籌碼趨勢（M哥完整版）,2420.TW,57.1,1.06,0.0,0.0,0.87,1.3,扣抵預警+籌碼（A即將成立）,2026-08-11,✅,38.6,50.0,50.0,45.4,中性
PRE-DEF,A+B+C 籌碼趨勢（M哥完整版）,3004.TW,127.0,0.4,0.0,0.0,0.87,0.7,扣抵預警+籌碼（A即將成立）,2026-08-11,✅,38.6,50.0,50.0,45.4,中性
PRE-DEF,A+B+C 籌碼趨勢（M哥完整版）,1256.TW,179.5,0.84,0.0,0.0,0.87,0.7,扣抵預警+籌碼（A即將成立）,2026-08-11,✅,38.6,50.0,50.0,45.4,中性
PRE-DEF,A+B+C 籌碼趨勢（M哥完整版）,1304.TW,11.9,-1.24,0.0,0.0,0.87,0.4,扣抵預警+籌碼（A即將成立）,2026-08-11,✅,38.6,50.0,50.0,45.4,中性
PRE-DEF,A+B+C 籌碼趨勢（M哥完整版）,2436.TW,67.0,-0.59,0.0,0.0,0.86,1.4,扣抵預警+籌碼（A即將成立）,2026-08-11,✅,38.3,50.0,50.0,45.3,中性
PRE-DEF,A+B+C 籌碼趨勢（M哥完整版）,3356.TW,58.6,1.74,0.0,0.0,0.86,0.9,扣抵預警+籌碼（A即將成立）,2026-08-11,✅,38.3,50.0,50.0,45.3,中性
PRE,A+B+C 籌碼趨勢（M哥完整版）,1235.TW,36.2,-0.82,0.0,0.0,0.85,0.2,均線轉下出場,2026-08-11,✅,38.0,50.0,50.0,45.2,中性
PRE,A+B+C 籌碼趨勢（M哥完整版）,8488.TW,10.1,1.5,0.0,0.0,0.85,7.8,均線轉下出場,2026-08-11,✅,38.0,50.0,50.0,45.2,中性
PRE-DEF,A+B+C 籌碼趨勢（M哥完整版）,1776.TW,17.0,0.29,0.0,0.0,0.85,0.5,扣抵預警+籌碼（A即將成立）,2026-08-11,✅,38.0,50.0,50.0,45.2,中性
PRE-DEF,A+B+C 籌碼趨勢（M哥完整版）,2351.TW,169.5,0.59,0.0,0.0,0.85,0.5,扣抵預警+籌碼（A即將成立）,2026-08-11,✅,38.0,50.0,50.0,45.2,中性
PRE-DEF,A+B+C 籌碼趨勢（M哥完整版）,2423.TW,72.9,0.55,0.0,0.0,0.85,0.6,扣抵預警+籌碼（A即將成立）,2026-08-11,✅,38.0,50.0,50.0,45.2,中性
PRE-DEF,A+B+C 籌碼趨勢（M哥完整版）,6761.TWO,174.0,3.57,0.0,0.0,0.85,4.0,扣抵預警+籌碼（A即將成立）,2026-08-11,✅,38.0,50.0,50.0,45.2,中性
PRE-DEF,A+B+C 籌碼趨勢（M哥完整版）,4766.TW,343.0,1.33,0.0,0.0,0.85,0.8,均線轉下出場,2026-08-11,✅,38.0,50.0,50.0,45.2,中性
PRE-DEF,A+B+C 籌碼趨勢（M哥完整版）,2363.TW,57.0,5.56,0.0,0.0,0.84,1.3,扣抵預警+籌碼（A即將成立）,2026-08-11,✅,37.7,50.0,50.0,45.1,中性
PRE-DEF,A+B+C 籌碼趨勢（M哥完整版）,2399.TW,42.5,-2.75,0.0,0.0,0.84,0.9,扣抵預警+籌碼（A即將成立）,2026-08-11,✅,37.7,50.0,50.0,45.1,中性
PRE-DEF,A+B+C 籌碼趨勢（M哥完整版）,2413.TW,44.2,-1.34,0.0,0.0,0.84,2.2,扣抵預警+籌碼（A即將成立）,2026-08-11,✅,37.7,50.0,50.0,45.1,中性
PRE,A+B+C 籌碼趨勢（M哥完整版）,4137.TW,96.0,0.1,0.0,0.0,0.84,1.2,均線轉下出場,2026-08-11,✅,37.7,50.0,50.0,45.1,中性
PRE-DEF,A+B+C 籌碼趨勢（M哥完整版）,1533.TW,32.1,-3.02,0.0,0.0,0.84,1.3,扣抵預警+籌碼（A即將成立）,2026-08-11,✅,37.7,50.0,50.0,45.1,中性
PRE-DEF,A+B+C 籌碼趨勢（M哥完整版）,3035.TW,176.0,-1.12,0.0,0.0,0.83,0.5,扣抵預警+籌碼（A即將成立）,2026-08-11,✅,37.4,50.0,50.0,45.0,中性
PRE-DEF,A+B+C 籌碼趨勢（M哥完整版）,1720.TW,56.4,-0.53,0.0,0.0,0.83,0.3,扣抵預警+籌碼（A即將成立）,2026-08-11,✅,37.4,50.0,50.0,45.0,中性
PRE-DEF,A+B+C 籌碼趨勢（M哥完整版）,8088.TWO,49.2,1.44,0.0,0.0,0.83,1.0,扣抵預警+籌碼（A即將成立）,2026-08-11,✅,37.4,50.0,50.0,45.0,中性
PRE-DEF,A+B+C 籌碼趨勢（M哥完整版）,8215.TW,24.8,-2.94,0.0,0.0,0.83,0.6,扣抵預警+籌碼（A即將成立）,2026-08-11,✅,37.4,50.0,50.0,45.0,中性
PRE,A+B+C 籌碼趨勢（M哥完整版）,2530.TW,19.2,-0.77,0.0,0.0,0.83,0.3,均線轉下出場,2026-08-11,✅,37.4,50.0,50.0,45.0,中性
PRE-DEF,A+B+C 籌碼趨勢（M哥完整版）,6415.TW,466.5,0.32,0.0,0.0,0.82,1.0,扣抵預警+籌碼（A即將成立）,2026-08-11,✅,37.1,50.0,50.0,44.8,中性
PRE-DEF,A+B+C 籌碼趨勢（M哥完整版）,6526.TW,620.0,-1.12,0.0,0.0,0.82,0.5,扣抵預警+籌碼（A即將成立）,2026-08-11,✅,37.1,50.0,50.0,44.8,中性
PRE-DEF,A+B+C 籌碼趨勢（M哥完整版）,5522.TW,65.1,0.0,0.0,0.0,0.82,0.5,扣抵預警+籌碼（A即將成立）,2026-08-11,✅,37.1,50.0,50.0,44.8,中性
PRE,A+B+C 籌碼趨勢（M哥完整版）,6655.TW,118.5,0.85,0.0,0.0,0.81,0.6,均線轉下出場,2026-08-11,✅,36.8,50.0,50.0,44.7,中性
PRE-DEF,A+B+C 籌碼趨勢（M哥完整版）,2467.TW,532.0,-3.27,0.0,0.0,0.81,0.7,扣抵預警+籌碼（A即將成立）,2026-08-11,✅,36.8,50.0,50.0,44.7,中性
PRE-DEF,A+B+C 籌碼趨勢（M哥完整版）,6470.TWO,42.3,-1.05,0.0,0.0,0.81,0.7,均線轉下出場,2026-08-11,✅,36.8,50.0,50.0,44.7,中性
PRE-DEF,A+B+C 籌碼趨勢（M哥完整版）,2070.TWO,59.0,0.0,0.0,0.0,0.81,1.2,扣抵預警+籌碼（A即將成立）,2026-08-11,✅,36.8,50.0,50.0,44.7,中性
PRE-DEF,A+B+C 籌碼趨勢（M哥完整版）,3167.TW,635.0,-3.05,0.0,0.0,0.81,0.2,扣抵預警+籌碼（A即將成立）,2026-08-11,✅,36.8,50.0,50.0,44.7,中性
PRE-DEF,A+B+C 籌碼趨勢（M哥完整版）,5543.TWO,26.2,-0.38,0.0,0.0,0.81,0.4,扣抵預警+籌碼（A即將成立）,2026-08-11,✅,36.8,50.0,50.0,44.7,中性
PRE-DEF,A+B+C 籌碼趨勢（M哥完整版）,2340.TW,31.0,-2.66,0.0,0.0,0.81,0.7,扣抵預警+籌碼（A即將成立）,2026-08-11,✅,36.8,50.0,50.0,44.7,中性
PRE-DEF,A+B+C 籌碼趨勢（M哥完整版）,2328.TW,46.1,-2.02,0.0,0.0,0.8,0.6,扣抵預警+籌碼（A即將成立）,2026-08-11,✅,36.5,50.0,50.0,44.6,中性
PRE-DEF,A+B+C 籌碼趨勢（M哥完整版）,6285.TW,254.0,-0.78,0.0,0.0,0.8,1.2,扣抵預警+籌碼（A即將成立）,2026-08-11,✅,36.5,50.0,50.0,44.6,中性
PRE-DEF,A+B+C 籌碼趨勢（M哥完整版）,1519.TW,703.0,4.77,0.0,0.0,0.79,1.4,扣抵預警+籌碼（A即將成立）,2026-08-11,✅,36.2,50.0,50.0,44.5,中性
PRE,A+B+C 籌碼趨勢（M哥完整版）,6438.TW,145.0,-1.36,0.0,0.0,0.79,0.4,均線轉下出場,2026-08-11,✅,36.2,50.0,50.0,44.5,中性
PRE,A+B+C 籌碼趨勢（M哥完整版）,5244.TW,33.2,-0.6,0.0,0.0,0.79,0.5,均線轉下出場,2026-08-11,✅,36.2,50.0,50.0,44.5,中性
PRE-DEF,A+B+C 籌碼趨勢（M哥完整版）,2451.TW,286.0,-3.21,0.0,0.0,0.79,0.7,扣抵預警+籌碼（A即將成立）,2026-08-11,✅,36.2,50.0,50.0,44.5,中性
PRE-DEF,A+B+C 籌碼趨勢（M哥完整版）,4905.TWO,69.3,1.61,0.0,0.0,0.79,3.0,扣抵預警+籌碼（A即將成立）,2026-08-11,✅,36.2,50.0,50.0,44.5,中性
PRE-DEF,A+B+C 籌碼趨勢（M哥完整版）,2402.TW,55.6,0.18,0.0,0.0,0.79,0.6,扣抵預警+籌碼（A即將成立）,2026-08-11,✅,36.2,50.0,50.0,44.5,中性
PRE-DEF,A+B+C 籌碼趨勢（M哥完整版）,6419.TWO,151.5,4.48,0.0,0.0,0.78,2.8,扣抵預警+籌碼（A即將成立）,2026-08-11,✅,35.9,50.0,50.0,44.4,中性
PRE-DEF,A+B+C 籌碼趨勢（M哥完整版）,1802.TW,55.9,2.19,0.0,0.0,0.78,1.0,扣抵預警+籌碼（A即將成立）,2026-08-11,✅,35.9,50.0,50.0,44.4,中性
PRE-DEF,A+B+C 籌碼趨勢（M哥完整版）,3131.TWO,2390.0,-3.24,0.0,0.0,0.78,1.4,扣抵預警+籌碼（A即將成立）,2026-08-11,✅,35.9,50.0,50.0,44.4,中性
PRE-DEF,A+B+C 籌碼趨勢（M哥完整版）,3684.TWO,52.9,0.0,0.0,0.0,0.78,0.2,扣抵預警+籌碼（A即將成立）,2026-08-11,✅,35.9,50.0,50.0,44.4,中性
PRE-DEF,A+B+C 籌碼趨勢（M哥完整版）,2374.TW,71.1,-1.8,0.0,0.0,0.78,1.1,扣抵預警+籌碼（A即將成立）,2026-08-11,✅,35.9,50.0,50.0,44.4,中性
PRE-DEF,A+B+C 籌碼趨勢（M哥完整版）,3533.TW,1990.0,1.53,0.0,0.0,0.78,1.1,扣抵預警+籌碼（A即將成立）,2026-08-11,✅,35.9,50.0,50.0,44.4,中性
PRE,A+B+C 籌碼趨勢（M哥完整版）,4413.TWO,15.5,1.31,0.0,0.0,0.78,1.2,均線轉下出場,2026-08-11,✅,35.9,50.0,50.0,44.4,中性
BUY,吊燈出場（Chandelier Exit）,6405.TW,40.4,1.13,46.4,14.8,0.68,0.6,多頭｜停利 46.4,2026-08-11,✅,35.7,50.0,50.0,44.3,中性
PRE,A+B+C 籌碼趨勢（M哥完整版）,5906.TW,39.5,-3.07,0.0,0.0,0.77,0.8,均線轉下出場,2026-08-11,✅,35.6,50.0,50.0,44.2,中性
PRE-DEF,A+B+C 籌碼趨勢（M哥完整版）,4912.TW,89.2,-0.67,0.0,0.0,0.77,0.5,扣抵預警+籌碼（A即將成立）,2026-08-11,✅,35.6,50.0,50.0,44.2,中性
PRE-DEF,A+B+C 籌碼趨勢（M哥完整版）,6584.TWO,538.0,3.07,0.0,0.0,0.77,1.2,扣抵預警+籌碼（A即將成立）,2026-08-11,✅,35.6,50.0,50.0,44.2,中性
PRE-DEF,A+B+C 籌碼趨勢（M哥完整版）,3490.TWO,32.0,1.27,0.0,0.0,0.77,2.4,扣抵預警+籌碼（A即將成立）,2026-08-11,✅,35.6,50.0,50.0,44.2,中性
PRE-DEF,A+B+C 籌碼趨勢（M哥完整版）,4919.TW,125.0,-1.96,0.0,0.0,0.76,0.4,扣抵預警+籌碼（A即將成立）,2026-08-11,✅,35.3,50.0,50.0,44.1,中性
PRE-DEF,A+B+C 籌碼趨勢（M哥完整版）,6924.TW,119.5,9.63,0.0,0.0,0.75,1.3,扣抵預警+籌碼（A即將成立）,2026-08-11,✅,35.0,50.0,50.0,44.0,中性
PRE-DEF,A+B+C 籌碼趨勢（M哥完整版）,6451.TW,433.0,-5.04,0.0,0.0,0.75,0.3,扣抵預警+籌碼（A即將成立）,2026-08-11,✅,35.0,50.0,50.0,44.0,中性
PRE-DEF,A+B+C 籌碼趨勢（M哥完整版）,2313.TW,211.5,-1.63,0.0,0.0,0.75,0.7,扣抵預警+籌碼（A即將成立）,2026-08-11,✅,35.0,50.0,50.0,44.0,中性
PRE-DEF,A+B+C 籌碼趨勢（M哥完整版）,2329.TW,44.5,-0.78,0.0,0.0,0.75,0.5,扣抵預警+籌碼（A即將成立）,2026-08-11,✅,35.0,50.0,50.0,44.0,中性
PRE-DEF,A+B+C 籌碼趨勢（M哥完整版）,6492.TWO,37.9,1.2,0.0,0.0,0.75,0.9,扣抵預警+籌碼（A即將成立）,2026-08-11,✅,35.0,50.0,50.0,44.0,中性
SETUP,A+B+C 籌碼趨勢（M哥完整版）,3338.TW,63.1,-0.32,0.0,0.0,0.74,0.5,A+B1成立，等量縮平台,2026-08-11,✅,34.7,50.0,50.0,43.9,中性
PRE-DEF,A+B+C 籌碼趨勢（M哥完整版）,7730.TW,163.0,4.49,0.0,0.0,0.74,1.0,扣抵預警+籌碼（A即將成立）,2026-08-11,✅,34.7,50.0,50.0,43.9,中性
PRE-DEF,A+B+C 籌碼趨勢（M哥完整版）,6210.TWO,17.3,1.47,0.0,0.0,0.74,0.7,扣抵預警+籌碼（A即將成立）,2026-08-11,✅,34.7,50.0,50.0,43.9,中性
PRE-DEF,A+B+C 籌碼趨勢（M哥完整版）,3432.TW,16.0,-1.53,0.0,0.0,0.74,0.8,扣抵預警+籌碼（A即將成立）,2026-08-11,✅,34.7,50.0,50.0,43.9,中性
PRE-DEF,A+B+C 籌碼趨勢（M哥完整版）,2419.TW,24.6,-1.2,0.0,0.0,0.74,0.4,扣抵預警+籌碼（A即將成立）,2026-08-11,✅,34.7,50.0,50.0,43.9,中性
PRE-DEF,A+B+C 籌碼趨勢（M哥完整版）,6426.TW,218.0,0.23,0.0,0.0,0.74,1.6,扣抵預警+籌碼（A即將成立）,2026-08-11,✅,34.7,50.0,50.0,43.9,中性
PRE-DEF,A+B+C 籌碼趨勢（M哥完整版）,3339.TWO,37.8,-4.18,0.0,0.0,0.74,0.6,扣抵預警+籌碼（A即將成立）,2026-08-11,✅,34.7,50.0,50.0,43.9,中性
PRE-DEF,A+B+C 籌碼趨勢（M哥完整版）,2338.TW,39.9,-0.5,0.0,0.0,0.73,0.4,扣抵預警+籌碼（A即將成立）,2026-08-11,✅,34.4,50.0,50.0,43.8,中性
PRE-DEF,A+B+C 籌碼趨勢（M哥完整版）,3092.TW,23.5,-0.42,0.0,0.0,0.73,0.5,扣抵預警+籌碼（A即將成立）,2026-08-11,✅,34.4,50.0,50.0,43.8,中性
PRE-DEF,A+B+C 籌碼趨勢（M哥完整版）,3031.TW,23.0,-1.5,0.0,0.0,0.73,0.4,扣抵預警+籌碼（A即將成立）,2026-08-11,✅,34.4,50.0,50.0,43.8,中性
PRE-DEF,A+B+C 籌碼趨勢（M哥完整版）,6789.TW,440.0,-0.34,0.0,0.0,0.73,0.5,扣抵預警+籌碼（A即將成立）,2026-08-11,✅,34.4,50.0,50.0,43.8,中性
PRE-DEF,A+B+C 籌碼趨勢（M哥完整版）,5284.TW,300.5,-2.28,0.0,0.0,0.73,0.5,扣抵預警+籌碼（A即將成立）,2026-08-11,✅,34.4,50.0,50.0,43.8,中性
PRE-DEF,A+B+C 籌碼趨勢（M哥完整版）,6205.TW,61.6,0.16,0.0,0.0,0.73,0.5,扣抵預警+籌碼（A即將成立）,2026-08-11,✅,34.4,50.0,50.0,43.8,中性
PRE-DEF,A+B+C 籌碼趨勢（M哥完整版）,1735.TW,20.1,-1.71,0.0,0.0,0.72,0.6,扣抵預警+籌碼（A即將成立）,2026-08-11,✅,34.1,50.0,50.0,43.6,中性
PRE-DEF,A+B+C 籌碼趨勢（M哥完整版）,8086.TWO,116.5,-1.27,0.0,0.0,0.72,1.5,扣抵預警+籌碼（A即將成立）,2026-08-11,✅,34.1,50.0,50.0,43.6,中性
PRE-DEF,A+B+C 籌碼趨勢（M哥完整版）,3030.TW,302.5,2.02,0.0,0.0,0.71,1.0,扣抵預警+籌碼（A即將成立）,2026-08-11,✅,33.8,50.0,50.0,43.5,中性
PRE-DEF,A+B+C 籌碼趨勢（M哥完整版）,5289.TWO,1470.0,0.34,0.0,0.0,0.71,0.9,扣抵預警+籌碼（A即將成立）,2026-08-11,✅,33.8,50.0,50.0,43.5,中性
PRE-DEF,A+B+C 籌碼趨勢（M哥完整版）,3583.TW,702.0,0.86,0.0,0.0,0.71,0.7,扣抵預警+籌碼（A即將成立）,2026-08-11,✅,33.8,50.0,50.0,43.5,中性
PRE,A+B+C 籌碼趨勢（M哥完整版）,1591.TWO,36.5,4.29,0.0,0.0,0.7,0.7,均線轉下出場,2026-08-11,✅,33.5,50.0,50.0,43.4,中性
PRE-DEF,A+B+C 籌碼趨勢（M哥完整版）,3209.TW,56.8,1.79,0.0,0.0,0.7,1.3,扣抵預警+籌碼（A即將成立）,2026-08-11,✅,33.5,50.0,50.0,43.4,中性
PRE-DEF,A+B+C 籌碼趨勢（M哥完整版）,3529.TWO,2660.0,-6.17,0.0,0.0,0.7,0.9,扣抵預警+籌碼（A即將成立）,2026-08-11,✅,33.5,50.0,50.0,43.4,中性
PRE-DEF,A+B+C 籌碼趨勢（M哥完整版）,3563.TW,677.0,-1.02,0.0,0.0,0.69,0.6,扣抵預警+籌碼（A即將成立）,2026-08-11,✅,33.2,50.0,50.0,43.3,中性
PRE-DEF,A+B+C 籌碼趨勢（M哥完整版）,4720.TW,19.9,0.0,0.0,0.0,0.69,0.6,扣抵預警+籌碼（A即將成立）,2026-08-11,✅,33.2,50.0,50.0,43.3,中性
PRE-DEF,A+B+C 籌碼趨勢（M哥完整版）,6530.TWO,80.3,-2.67,0.0,0.0,0.69,2.1,扣抵預警+籌碼（A即將成立）,2026-08-11,✅,33.2,50.0,50.0,43.3,中性
PRE-DEF,A+B+C 籌碼趨勢（M哥完整版）,3437.TW,17.5,-3.31,0.0,0.0,0.67,0.7,扣抵預警+籌碼（A即將成立）,2026-08-11,✅,32.6,50.0,50.0,43.0,中性
PRE-DEF,A+B+C 籌碼趨勢（M哥完整版）,3024.TW,13.2,0.76,0.0,0.0,0.67,0.3,均線轉下出場,2026-08-11,✅,32.6,50.0,50.0,43.0,中性
PRE-DEF,A+B+C 籌碼趨勢（M哥完整版）,2355.TW,42.5,1.07,0.0,0.0,0.67,0.6,扣抵預警+籌碼（A即將成立）,2026-08-11,✅,32.6,50.0,50.0,43.0,中性
PRE-DEF,A+B+C 籌碼趨勢（M哥完整版）,3535.TW,89.0,-1.33,0.0,0.0,0.67,0.8,扣抵預警+籌碼（A即將成立）,2026-08-11,✅,32.6,50.0,50.0,43.0,中性
PRE-DEF,A+B+C 籌碼趨勢（M哥完整版）,5340.TWO,74.0,1.37,0.0,0.0,0.66,1.5,扣抵預警+籌碼（A即將成立）,2026-08-11,✅,32.3,50.0,50.0,42.9,中性
PRE-DEF,A+B+C 籌碼趨勢（M哥完整版）,7768.TW,256.5,-1.91,0.0,0.0,0.66,0.6,扣抵預警+籌碼（A即將成立）,2026-08-11,✅,32.3,50.0,50.0,42.9,中性
PRE-DEF,A+B+C 籌碼趨勢（M哥完整版）,4956.TW,30.7,-2.23,0.0,0.0,0.66,0.5,扣抵預警+籌碼（A即將成立）,2026-08-11,✅,32.3,50.0,50.0,42.9,中性
PRE-DEF,A+B+C 籌碼趨勢（M哥完整版）,1582.TW,75.3,1.35,0.0,0.0,0.64,1.0,扣抵預警+籌碼（A即將成立）,2026-08-11,✅,31.7,50.0,50.0,42.7,中性
PRE-DEF,A+B+C 籌碼趨勢（M哥完整版）,6443.TW,26.9,-0.55,0.0,0.0,0.64,0.5,扣抵預警+籌碼（A即將成立）,2026-08-11,✅,31.7,50.0,50.0,42.7,中性
PRE-DEF,A+B+C 籌碼趨勢（M哥完整版）,3593.TW,12.4,-3.88,0.0,0.0,0.64,0.2,扣抵預警+籌碼（A即將成立）,2026-08-11,✅,31.7,50.0,50.0,42.7,中性
PRE-DEF,A+B+C 籌碼趨勢（M哥完整版）,2367.TW,44.8,1.13,0.0,0.0,0.63,0.8,扣抵預警+籌碼（A即將成立）,2026-08-11,✅,31.4,50.0,50.0,42.6,中性
PRE-DEF,A+B+C 籌碼趨勢（M哥完整版）,6715.TW,360.5,-0.83,0.0,0.0,0.62,0.5,扣抵預警+籌碼（A即將成立）,2026-08-11,✅,31.1,50.0,50.0,42.4,中性
PRE-DEF,A+B+C 籌碼趨勢（M哥完整版）,6679.TWO,211.0,-2.09,0.0,0.0,0.62,0.6,扣抵預警+籌碼（A即將成立）,2026-08-11,✅,31.1,50.0,50.0,42.4,中性
PRE-DEF,A+B+C 籌碼趨勢（M哥完整版）,1721.TW,19.8,-2.46,0.0,0.0,0.61,0.7,扣抵預警+籌碼（A即將成立）,2026-08-11,✅,30.8,50.0,50.0,42.3,中性
PRE-DEF,A+B+C 籌碼趨勢（M哥完整版）,6515.TW,6920.0,1.32,0.0,0.0,0.61,0.5,扣抵預警+籌碼（A即將成立）,2026-08-11,✅,30.8,50.0,50.0,42.3,中性
PRE-DEF,A+B+C 籌碼趨勢（M哥完整版）,6588.TWO,88.3,-2.43,0.0,0.0,0.6,0.3,扣抵預警+籌碼（A即將成立）,2026-08-11,✅,30.5,50.0,50.0,42.2,中性
PRE-DEF,A+B+C 籌碼趨勢（M哥完整版）,4908.TWO,151.0,-2.58,0.0,0.0,0.58,0.6,扣抵預警+籌碼（A即將成立）,2026-08-11,✅,29.9,50.0,50.0,42.0,中性
PRE-DEF,A+B+C 籌碼趨勢（M哥完整版）,4960.TW,20.7,-0.96,0.0,0.0,0.56,0.5,扣抵預警+籌碼（A即將成立）,2026-08-11,✅,29.3,50.0,50.0,41.7,中性
PRE-DEF,A+B+C 籌碼趨勢（M哥完整版）,4577.TWO,75.6,-3.69,0.0,0.0,0.54,0.5,扣抵預警+籌碼（A即將成立）,2026-08-11,✅,28.7,50.0,50.0,41.5,中性
PRE-DEF,A+B+C 籌碼趨勢（M哥完整版）,2485.TW,43.0,-2.39,0.0,0.0,0.53,0.8,扣抵預警+籌碼（A即將成立）,2026-08-11,✅,28.4,50.0,50.0,41.4,中性
PRE-DEF,A+B+C 籌碼趨勢（M哥完整版）,3581.TWO,115.0,0.88,0.0,0.0,0.48,0.6,扣抵預警+籌碼（A即將成立）,2026-08-11,✅,26.9,50.0,50.0,40.8,中性
BUY,吊燈出場（Chandelier Exit）,5904.TWO,87.1,9.97,644.5,640.0,0.15,5.8,多頭｜停利 644.5,2026-08-11,✅,25.0,50.0,50.0,40.0,中性
PRE-DEF,A+B+C 籌碼趨勢（M哥完整版）,5475.TWO,135.0,8.0,0.0,0.0,0.41,3.8,扣抵預警+籌碼（A即將成立）,2026-08-11,✅,24.8,50.0,50.0,39.9,中性
