訊號等級,策略,代碼,收盤,停損,風險%,RS相對強度,量比(vs均),狀態,日期
BUY,吊燈出場（Chandelier Exit）,5464.TWO,89.8,87.3,2.8,2.29,1.1,多頭｜停利 87.3,2026-07-15
BUY,波段回檔再進場（第二買點）,5321.TWO,58.0,51.1,11.9,1.97,1.1,波段回檔再進場（第二買點）,2026-07-15
BUY,吊燈出場（Chandelier Exit）,2302.TW,45.7,43.6,4.6,1.96,0.4,多頭｜停利 43.6,2026-07-15
BUY,波段回檔再進場（第二買點）,8028.TW,318.5,288.8,9.3,1.35,1.1,波段回檔再進場（第二買點）,2026-07-15
BUY,波段回檔再進場（第二買點）,2221.TWO,53.1,45.5,14.2,1.34,1.6,波段回檔再進場（第二買點）,2026-07-15
BUY,波段回檔再進場（第二買點）,3033.TW,55.6,48.8,12.1,1.3,4.4,波段回檔再進場（第二買點）,2026-07-15
BUY,量縮整理→出量突破（融資沒走）,3033.TW,55.6,47.8,14.0,1.3,4.4,量縮整理後真出量突破（融資沒走）,2026-07-15
BUY,波段回檔再進場（第二買點）,3094.TW,40.5,35.0,13.5,1.28,1.1,波段回檔再進場（第二買點）,2026-07-15
BUY,波段回檔再進場（第二買點）,6613.TWO,368.5,310.0,15.9,1.23,1.4,波段回檔再進場（第二買點）,2026-07-15
BUY,量縮整理→出量突破（融資沒走）,2423.TW,84.8,72.5,14.5,1.22,3.4,量縮整理後真出量突破（融資沒走）,2026-07-15
BUY,波段回檔再進場（第二買點）,6196.TW,585.0,510.0,12.8,1.2,1.3,波段回檔再進場（第二買點）,2026-07-15
BUY,吊燈出場（Chandelier Exit）,3288.TWO,22.0,20.5,7.0,1.13,1.5,多頭｜停利 20.5,2026-07-15
BUY,吊燈出場（Chandelier Exit）,4722.TW,274.5,249.9,9.0,1.12,1.0,多頭｜停利 249.9,2026-07-15
BUY,波段回檔再進場（第二買點）,4722.TW,274.5,249.0,9.3,1.12,1.0,波段回檔再進場（第二買點）,2026-07-15
BUY,波段回檔再進場（第二買點）,1560.TW,742.0,663.2,10.6,1.11,1.9,波段回檔再進場（第二買點）,2026-07-15
BUY,波段回檔再進場（第二買點）,8131.TW,81.2,69.6,14.3,1.11,1.4,波段回檔再進場（第二買點）,2026-07-15
BUY,吊燈出場（Chandelier Exit）,1444.TW,8.9,8.1,9.1,1.1,0.8,多頭｜停利 8.1,2026-07-15
BUY,吊燈出場（Chandelier Exit）,3303.TWO,62.7,55.4,11.6,1.1,3.1,多頭｜停利 55.4,2026-07-15
BUY,波段回檔再進場（第二買點）,3303.TWO,62.7,52.9,15.7,1.1,3.1,波段回檔再進場（第二買點）,2026-07-15
BUY,波段回檔再進場（第二買點）,5904.TWO,677.0,645.0,4.7,1.06,1.3,波段回檔再進場（第二買點）,2026-07-15
BUY,波段回檔再進場（第二買點）,6161.TWO,55.0,50.9,7.5,1.06,2.4,波段回檔再進場（第二買點）,2026-07-15
BUY,波段回檔再進場（第二買點）,6414.TW,394.5,365.0,7.5,1.03,1.2,波段回檔再進場（第二買點）,2026-07-15
BUY,波段回檔再進場（第二買點）,2404.TW,1285.0,1156.6,10.0,1.02,1.3,波段回檔再進場（第二買點）,2026-07-15
BUY,波段回檔再進場（第二買點）,2527.TW,45.0,39.3,12.8,1.01,1.1,波段回檔再進場（第二買點）,2026-07-15
BUY,吊燈出場（Chandelier Exit）,2618.TW,42.2,40.5,3.9,0.97,0.8,多頭｜停利 40.5,2026-07-15
BUY,波段回檔再進場（第二買點）,2850.TW,148.5,140.0,5.7,0.97,1.6,波段回檔再進場（第二買點）,2026-07-15
BUY,量縮整理→出量突破（融資沒走）,2910.TW,27.0,22.2,17.7,0.96,6.4,量縮整理後真出量突破（融資沒走）,2026-07-15
BUY,波段回檔再進場（第二買點）,3402.TWO,158.0,141.8,10.3,0.96,2.2,波段回檔再進場（第二買點）,2026-07-15
BUY,波段回檔再進場（第二買點）,1907.TW,29.2,25.9,11.4,0.95,1.7,波段回檔再進場（第二買點）,2026-07-15
BUY,量縮整理→出量突破（融資沒走）,2248.TW,66.0,56.0,15.2,0.95,6.0,量縮整理後真出量突破（融資沒走）,2026-07-15
BUY,吊燈出場（Chandelier Exit）,2915.TW,52.2,50.5,3.3,0.95,1.5,多頭｜停利 50.5,2026-07-15
BUY,波段回檔再進場（第二買點）,2915.TW,52.2,50.3,3.6,0.95,1.5,波段回檔再進場（第二買點）,2026-07-15
BUY,波段回檔再進場（第二買點）,2382.TW,381.0,365.5,4.1,0.94,1.4,波段回檔再進場（第二買點）,2026-07-15
BUY,吊燈出場（Chandelier Exit）,2762.TW,84.8,83.5,1.5,0.94,1.3,多頭｜停利 83.5,2026-07-15
BUY,波段回檔再進場（第二買點）,2762.TW,84.8,81.3,4.1,0.94,1.3,波段回檔再進場（第二買點）,2026-07-15
BUY,波段回檔再進場（第二買點）,6141.TW,39.8,35.6,10.4,0.94,1.1,波段回檔再進場（第二買點）,2026-07-15
BUY,量縮整理→出量突破（融資沒走）,6598.TW,26.1,23.6,9.8,0.93,4.5,量縮整理後真出量突破（融資沒走）,2026-07-15
BUY,吊燈出場（Chandelier Exit）,2027.TW,41.3,40.3,2.5,0.91,1.6,多頭｜停利 40.3,2026-07-15
BUY,波段回檔再進場（第二買點）,5288.TW,190.0,172.5,9.2,0.91,1.2,波段回檔再進場（第二買點）,2026-07-15
BUY,量縮整理→出量突破（融資沒走）,2482.TW,20.0,17.0,15.0,0.9,4.1,量縮整理後真出量突破（融資沒走）,2026-07-15
BUY,吊燈出場（Chandelier Exit）,2546.TW,95.7,94.1,1.7,0.9,1.4,多頭｜停利 94.1,2026-07-15
BUY,波段回檔再進場（第二買點）,2546.TW,95.7,91.4,4.5,0.9,1.4,波段回檔再進場（第二買點）,2026-07-15
BUY,吊燈出場（Chandelier Exit）,2615.TW,81.7,78.5,4.0,0.9,1.3,多頭｜停利 78.5,2026-07-15
BUY,吊燈出場（Chandelier Exit）,3024.TW,13.2,12.0,9.5,0.89,3.0,多頭｜停利 12.0,2026-07-15
BUY,量縮整理→出量突破（融資沒走）,3024.TW,13.2,13.7,3.6,0.89,3.0,量縮整理後真出量突破（融資沒走）,2026-07-15
BUY,吊燈出場（Chandelier Exit）,6620.TWO,87.2,91.5,4.9,0.89,0.8,多頭｜停利 91.5,2026-07-15
BUY,波段回檔再進場（第二買點）,4536.TW,171.0,166.0,2.9,0.88,2.7,波段回檔再進場（第二買點）,2026-07-15
BUY,波段回檔再進場（第二買點）,1532.TW,23.4,22.5,3.9,0.87,1.1,波段回檔再進場（第二買點）,2026-07-15
BUY,波段回檔再進場（第二買點）,2905.TW,15.6,14.6,6.4,0.87,1.4,波段回檔再進場（第二買點）,2026-07-15
BUY,量縮整理→出量突破（融資沒走）,5388.TW,89.4,82.9,7.2,0.87,3.2,量縮整理後真出量突破（融資沒走）,2026-07-15
BUY,波段回檔再進場（第二買點）,5880.TW,25.4,24.4,3.7,0.87,1.0,波段回檔再進場（第二買點）,2026-07-15
BUY,波段回檔再進場（第二買點）,6666.TW,45.0,43.0,4.4,0.87,1.2,波段回檔再進場（第二買點）,2026-07-15
BUY,波段回檔再進場（第二買點）,9944.TW,18.0,17.4,3.1,0.87,1.3,波段回檔再進場（第二買點）,2026-07-15
BUY,吊燈出場（Chandelier Exit）,9945.TW,26.4,25.8,2.2,0.87,0.6,多頭｜停利 25.8,2026-07-15
BUY,量縮整理→出量突破（融資沒走）,3551.TWO,225.0,204.2,9.3,0.87,5.3,量縮整理後真出量突破（融資沒走）,2026-07-15
BUY,量縮整理→出量突破（融資沒走）,6967.TWO,78.8,73.2,7.1,0.87,4.0,量縮整理後真出量突破（融資沒走）,2026-07-15
BUY,Stage 2 突破（變盤三部曲）,1583.TW,51.2,49.3,3.7,0.86,1.2,stage2,2026-07-15
BUY,吊燈出場（Chandelier Exit）,6606.TW,26.2,24.8,5.2,0.86,3.9,多頭｜停利 24.8,2026-07-15
BUY,波段回檔再進場（第二買點）,5905.TWO,9.0,8.3,8.2,0.86,2.1,波段回檔再進場（第二買點）,2026-07-15
BUY,波段回檔再進場（第二買點）,6023.TWO,106.0,100.3,5.4,0.86,1.7,波段回檔再進場（第二買點）,2026-07-15
BUY,吊燈出場（Chandelier Exit）,6177.TW,46.9,47.9,2.2,0.85,0.7,多頭｜停利 47.9,2026-07-15
BUY,波段回檔再進場（第二買點）,8481.TW,43.9,41.3,5.9,0.85,2.2,波段回檔再進場（第二買點）,2026-07-15
BUY,Stage 2 突破（變盤三部曲）,7767.TWO,46.5,44.7,3.9,0.85,2.8,stage2,2026-07-15
BUY,波段回檔再進場（第二買點）,1110.TW,16.1,15.1,6.3,0.84,1.9,波段回檔再進場（第二買點）,2026-07-15
BUY,波段回檔再進場（第二買點）,1726.TW,79.5,77.9,2.0,0.84,1.4,波段回檔再進場（第二買點）,2026-07-15
BUY,波段回檔再進場（第二買點）,2901.TW,24.5,23.5,3.9,0.84,1.5,波段回檔再進場（第二買點）,2026-07-15
BUY,量縮整理→出量突破（融資沒走）,6464.TW,78.7,77.4,1.6,0.84,5.8,量縮整理後真出量突破（融資沒走）,2026-07-15
BUY,波段回檔再進場（第二買點）,1315.TW,65.0,62.1,4.4,0.83,1.8,波段回檔再進場（第二買點）,2026-07-15
BUY,吊燈出場（Chandelier Exit）,1742.TWO,16.2,15.0,7.3,0.83,3.6,多頭｜停利 15.0,2026-07-15
BUY,吊燈出場（Chandelier Exit）,1470.TW,23.0,21.5,6.7,0.82,1.7,多頭｜停利 21.5,2026-07-15
BUY,吊燈出場（Chandelier Exit）,2603.TW,199.5,192.9,3.3,0.82,0.9,多頭｜停利 192.9,2026-07-15
BUY,波段回檔再進場（第二買點）,2706.TW,12.8,12.4,2.7,0.82,1.5,波段回檔再進場（第二買點）,2026-07-15
BUY,波段回檔再進場（第二買點）,1737.TW,32.0,31.7,1.1,0.81,1.2,波段回檔再進場（第二買點）,2026-07-15
BUY,吊燈出場（Chandelier Exit）,6670.TW,262.5,267.7,2.0,0.81,0.6,多頭｜停利 267.7,2026-07-15
BUY,吊燈出場（Chandelier Exit）,9927.TW,69.8,68.0,2.6,0.81,1.5,多頭｜停利 68.0,2026-07-15
BUY,融資維持率創低反彈（量增）,2755.TWO,137.5,135.5,1.5,0.81,2.4,維持率創低+融資套牢+量增 → 搏反彈 ,2026-07-15
BUY,吊燈出場（Chandelier Exit）,5212.TWO,47.9,46.8,2.2,0.81,0.2,多頭｜停利 46.8,2026-07-15
BUY,吊燈出場（Chandelier Exit）,5310.TWO,25.2,23.9,5.5,0.81,0.1,多頭｜停利 23.9,2026-07-15
BUY,吊燈出場（Chandelier Exit）,1233.TW,28.5,27.5,3.5,0.8,0.7,多頭｜停利 27.5,2026-07-15
BUY,吊燈出場（Chandelier Exit）,2031.TW,40.2,38.0,5.7,0.8,1.6,多頭｜停利 38.0,2026-07-15
BUY,波段回檔再進場（第二買點）,3266.TW,13.9,13.3,4.7,0.8,1.0,波段回檔再進場（第二買點）,2026-07-15
BUY,吊燈出場（Chandelier Exit）,5871.TW,119.0,115.8,2.7,0.8,1.1,多頭｜停利 115.8,2026-07-15
BUY,吊燈出場（Chandelier Exit）,9937.TW,56.9,54.3,4.5,0.8,2.0,多頭｜停利 54.3,2026-07-15
BUY,吊燈出場（Chandelier Exit）,9940.TW,19.8,19.5,1.3,0.8,0.9,多頭｜停利 19.5,2026-07-15
BUY,吊燈出場（Chandelier Exit）,4584.TWO,40.8,39.1,4.3,0.8,0.7,多頭｜停利 39.1,2026-07-15
BUY,吊燈出場（Chandelier Exit）,6680.TWO,54.7,51.0,6.8,0.8,3.0,多頭｜停利 51.0,2026-07-15
BUY,Stage 2 突破（變盤三部曲）,6680.TWO,54.7,52.8,3.4,0.8,3.0,stage2,2026-07-15
BUY,吊燈出場（Chandelier Exit）,4190.TW,26.0,24.1,7.3,0.79,0.5,多頭｜停利 24.1,2026-07-15
BUY,吊燈出場（Chandelier Exit）,8941.TWO,43.7,42.7,2.2,0.79,2.1,多頭｜停利 42.7,2026-07-15
BUY,吊燈出場（Chandelier Exit）,7791.TW,63.4,61.5,3.0,0.78,0.7,多頭｜停利 61.5,2026-07-15
BUY,吊燈出場（Chandelier Exit）,5703.TWO,14.2,14.1,0.9,0.78,1.2,多頭｜停利 14.1,2026-07-15
BUY,Stage 2 突破（變盤三部曲）,5533.TW,13.8,13.5,2.0,0.77,1.9,stage2,2026-07-15
BUY,吊燈出場（Chandelier Exit）,6534.TW,93.7,88.9,5.2,0.77,1.0,多頭｜停利 88.9,2026-07-15
BUY,吊燈出場（Chandelier Exit）,1788.TWO,130.0,129.0,0.8,0.77,0.4,多頭｜停利 129.0,2026-07-15
BUY,量縮整理→出量突破（融資沒走）,4911.TWO,35.1,32.6,7.0,0.77,5.2,量縮整理後真出量突破（融資沒走）,2026-07-15
BUY,吊燈出場（Chandelier Exit）,7740.TW,163.0,148.4,8.9,0.76,1.5,多頭｜停利 148.4,2026-07-15
BUY,融資維持率創低反彈（量增）,1264.TWO,259.0,254.1,1.9,0.76,2.8,維持率創低+融資套牢+量增 → 搏反彈 ,2026-07-15
BUY,吊燈出場（Chandelier Exit）,2605.TW,31.6,29.6,6.5,0.75,1.2,多頭｜停利 29.6,2026-07-15
BUY,吊燈出場（Chandelier Exit）,6754.TW,43.5,42.0,3.5,0.75,0.9,多頭｜停利 42.0,2026-07-15
BUY,吊燈出場（Chandelier Exit）,6958.TW,18.5,17.1,7.5,0.75,3.1,多頭｜停利 17.1,2026-07-15
BUY,吊燈出場（Chandelier Exit）,6997.TWO,76.7,72.7,5.3,0.75,0.7,多頭｜停利 72.7,2026-07-15
BUY,吊燈出場（Chandelier Exit）,3164.TW,16.6,16.0,3.7,0.74,0.5,多頭｜停利 16.0,2026-07-15
BUY,吊燈出場（Chandelier Exit）,9924.TW,40.8,39.6,2.8,0.74,1.0,多頭｜停利 39.6,2026-07-15
BUY,融資維持率創低反彈（量增）,6741.TWO,58.0,56.4,2.8,0.72,2.2,維持率創低+融資套牢+量增 → 搏反彈 ,2026-07-15
BUY,吊燈出場（Chandelier Exit）,1538.TW,11.0,11.2,2.0,0.7,0.9,多頭｜停利 11.2,2026-07-15
BUY,融資維持率創低反彈（量增）,2235.TWO,27.7,27.0,2.5,0.7,4.7,維持率創低+融資套牢+量增 → 搏反彈 ,2026-07-15
BUY,融資維持率創低反彈（量增）,8068.TWO,19.6,18.3,6.7,0.68,2.1,維持率創低+融資套牢+量增 → 搏反彈 ,2026-07-15
BUY,吊燈出場（Chandelier Exit）,2719.TWO,23.8,23.6,0.7,0.66,5.1,多頭｜停利 23.6,2026-07-15
BUY,吊燈出場（Chandelier Exit）,5906.TW,38.0,43.8,15.2,0.61,0.1,多頭｜停利 43.8,2026-07-15
BUY,融資維持率創低反彈（量增）,8467.TW,110.0,103.5,5.9,0.56,2.3,維持率創低+融資套牢+量增 → 搏反彈 ,2026-07-15
BUY,吊燈出場（Chandelier Exit）,7717.TWO,532.0,476.3,10.5,0.5,1.5,多頭｜停利 476.3,2026-07-15
SETUP,A+B+C 籌碼趨勢（M哥完整版）,1303.TW,227.5,0.0,0.0,2.15,2.1,A+B1成立，等量縮平台,2026-07-15
SETUP,A+B+C 籌碼趨勢（M哥完整版）,4127.TWO,81.2,0.0,0.0,1.69,1.4,A+B1成立，等量縮平台,2026-07-15
SETUP,A+B+C 籌碼趨勢（M哥完整版）,3033.TW,55.6,0.0,0.0,1.3,4.4,A+B1成立，等量縮平台,2026-07-15
SETUP,A+B+C 籌碼趨勢（M哥完整版）,1326.TW,70.8,0.0,0.0,1.14,2.0,A+B1成立，等量縮平台,2026-07-15
SETUP,A+B+C 籌碼趨勢（M哥完整版）,2103.TW,25.6,0.0,0.0,1.12,1.6,A+B1成立，等量縮平台,2026-07-15
SETUP,A+B+C 籌碼趨勢（M哥完整版）,8163.TW,35.8,0.0,0.0,1.02,0.6,A+B1成立，等量縮平台,2026-07-15
SETUP,A+B+C 籌碼趨勢（M哥完整版）,1301.TW,65.7,0.0,0.0,1.01,1.9,A+B1成立，等量縮平台,2026-07-15
SETUP,A+B+C 籌碼趨勢（M哥完整版）,3346.TW,22.5,0.0,0.0,1.0,0.3,A+B1成立，等量縮平台,2026-07-15
SETUP,A+B+C 籌碼趨勢（M哥完整版）,2850.TW,148.5,0.0,0.0,0.97,1.6,A+B1成立，等量縮平台,2026-07-15
SETUP,A+B+C 籌碼趨勢（M哥完整版）,2910.TW,27.0,0.0,0.0,0.96,6.4,A+B1成立，等量縮平台,2026-07-15
SETUP,A+B+C 籌碼趨勢（M哥完整版）,1434.TW,19.5,0.0,0.0,0.95,2.3,A+B1成立，等量縮平台,2026-07-15
SETUP,A+B+C 籌碼趨勢（M哥完整版）,2832.TW,57.2,0.0,0.0,0.9,0.9,A+B1成立，等量縮平台,2026-07-15
SETUP,A+B+C 籌碼趨勢（M哥完整版）,9946.TW,18.1,0.0,0.0,0.89,0.6,A+B1成立，等量縮平台,2026-07-15
SETUP,A+B+C 籌碼趨勢（M哥完整版）,2908.TW,21.9,0.0,0.0,0.87,1.4,A+B1成立，等量縮平台,2026-07-15
SETUP,A+B+C 籌碼趨勢（M哥完整版）,2849.TW,14.8,0.0,0.0,0.85,2.1,A+B1成立，等量縮平台,2026-07-15
SETUP,A+B+C 籌碼趨勢（M哥完整版）,1726.TW,79.5,0.0,0.0,0.84,1.4,A+B1成立，等量縮平台,2026-07-15
SETUP,A+B+C 籌碼趨勢（M哥完整版）,1203.TW,44.8,0.0,0.0,0.83,3.5,A+B1成立，等量縮平台,2026-07-15
SETUP,A+B+C 籌碼趨勢（M哥完整版）,1307.TW,32.4,0.0,0.0,0.83,0.9,均線轉下出場,2026-07-15
SETUP,A+B+C 籌碼趨勢（M哥完整版）,1604.TW,23.5,0.0,0.0,0.81,0.7,均線轉下出場,2026-07-15
SETUP,A+B+C 籌碼趨勢（M哥完整版）,2707.TW,180.0,0.0,0.0,0.81,0.5,均線轉下出場,2026-07-15
SETUP,A+B+C 籌碼趨勢（M哥完整版）,8104.TW,38.5,0.0,0.0,0.81,0.2,A+B1成立，等量縮平台,2026-07-15
SETUP,A+B+C 籌碼趨勢（M哥完整版）,3489.TWO,19.7,0.0,0.0,0.69,0.5,A+B1成立，等量縮平台,2026-07-15
PRE,A+B+C 籌碼趨勢（M哥完整版）,4513.TWO,22.4,0.0,0.0,1.12,5.1,均線轉下出場,2026-07-15
PRE,A+B+C 籌碼趨勢（M哥完整版）,6901.TW,19.2,0.0,0.0,1.09,0.5,均線轉下出場,2026-07-15
PRE,A+B+C 籌碼趨勢（M哥完整版）,9914.TW,76.6,0.0,0.0,1.02,1.2,均線轉下出場,2026-07-15
PRE,A+B+C 籌碼趨勢（M哥完整版）,4139.TWO,31.5,0.0,0.0,1.02,2.8,均線轉下出場,2026-07-15
PRE,A+B+C 籌碼趨勢（M哥完整版）,3564.TWO,51.9,0.0,0.0,1.0,0.5,均線轉下出場,2026-07-15
PRE,A+B+C 籌碼趨勢（M哥完整版）,8421.TWO,16.8,0.0,0.0,1.0,6.2,均線轉下出場,2026-07-15
PRE,A+B+C 籌碼趨勢（M哥完整版）,5269.TW,1515.0,0.0,0.0,0.97,0.8,均線轉下出場,2026-07-15
PRE,A+B+C 籌碼趨勢（M哥完整版）,6757.TW,58.6,0.0,0.0,0.97,0.3,均線轉下出場,2026-07-15
PRE,A+B+C 籌碼趨勢（M哥完整版）,9921.TW,80.0,0.0,0.0,0.94,1.1,均線轉下出場,2026-07-15
PRE,A+B+C 籌碼趨勢（M哥完整版）,2258.TW,32.6,0.0,0.0,0.93,0.9,均線轉下出場,2026-07-15
PRE,A+B+C 籌碼趨勢（M哥完整版）,1336.TWO,16.1,0.0,0.0,0.92,7.3,均線轉下出場,2026-07-15
PRE,A+B+C 籌碼趨勢（M哥完整版）,5876.TW,44.6,0.0,0.0,0.91,1.0,均線轉下出場,2026-07-15
PRE,A+B+C 籌碼趨勢（M哥完整版）,6645.TW,14.9,0.0,0.0,0.91,0.4,均線轉下出場,2026-07-15
PRE,A+B+C 籌碼趨勢（M哥完整版）,4995.TWO,46.2,0.0,0.0,0.91,0.7,均線轉下出場,2026-07-15
PRE,A+B+C 籌碼趨勢（M哥完整版）,7642.TWO,82.1,0.0,0.0,0.91,2.4,均線轉下出場,2026-07-15
PRE,A+B+C 籌碼趨勢（M哥完整版）,1414.TW,18.2,0.0,0.0,0.9,1.0,均線轉下出場,2026-07-15
PRE,A+B+C 籌碼趨勢（M哥完整版）,1443.TW,26.5,0.0,0.0,0.89,2.2,均線轉下出場,2026-07-15
PRE,A+B+C 籌碼趨勢（M哥完整版）,4536.TW,171.0,0.0,0.0,0.88,2.7,均線轉下出場,2026-07-15
PRE,A+B+C 籌碼趨勢（M哥完整版）,1722.TW,48.0,0.0,0.0,0.86,0.7,均線轉下出場,2026-07-15
PRE,A+B+C 籌碼趨勢（M哥完整版）,4438.TW,61.8,0.0,0.0,0.86,0.8,均線轉下出場,2026-07-15
PRE,A+B+C 籌碼趨勢（M哥完整版）,1777.TWO,75.3,0.0,0.0,0.86,1.2,均線轉下出場,2026-07-15
PRE,A+B+C 籌碼趨勢（M哥完整版）,4114.TWO,33.6,0.0,0.0,0.86,2.0,均線轉下出場,2026-07-15
PRE,A+B+C 籌碼趨勢（M哥完整版）,1464.TW,10.8,0.0,0.0,0.84,0.5,均線轉下出場,2026-07-15
PRE,A+B+C 籌碼趨勢（M哥完整版）,1468.TW,12.8,0.0,0.0,0.84,1.6,均線轉下出場,2026-07-15
PRE,A+B+C 籌碼趨勢（M哥完整版）,2901.TW,24.5,0.0,0.0,0.84,1.5,均線轉下出場,2026-07-15
PRE,A+B+C 籌碼趨勢（M哥完整版）,4572.TW,153.0,0.0,0.0,0.84,1.5,均線轉下出場,2026-07-15
PRE,A+B+C 籌碼趨勢（M哥完整版）,6130.TWO,27.4,0.0,0.0,0.84,3.6,均線轉下出場,2026-07-15
PRE,A+B+C 籌碼趨勢（M哥完整版）,2012.TW,16.1,0.0,0.0,0.83,0.4,均線轉下出場,2026-07-15
PRE,A+B+C 籌碼趨勢（M哥完整版）,2201.TW,28.3,0.0,0.0,0.83,0.5,均線轉下出場,2026-07-15
PRE,A+B+C 籌碼趨勢（M哥完整版）,2646.TW,21.3,0.0,0.0,0.83,0.6,均線轉下出場,2026-07-15
PRE,A+B+C 籌碼趨勢（M哥完整版）,1806.TW,8.4,0.0,0.0,0.82,0.7,均線轉下出場,2026-07-15
PRE,A+B+C 籌碼趨勢（M哥完整版）,2109.TW,14.8,0.0,0.0,0.82,0.7,均線轉下出場,2026-07-15
PRE,A+B+C 籌碼趨勢（M哥完整版）,2706.TW,12.8,0.0,0.0,0.82,1.5,均線轉下出場,2026-07-15
PRE,A+B+C 籌碼趨勢（M哥完整版）,3056.TW,14.7,0.0,0.0,0.82,0.6,均線轉下出場,2026-07-15
PRE,A+B+C 籌碼趨勢（M哥完整版）,4763.TW,47.0,0.0,0.0,0.82,0.4,均線轉下出場,2026-07-15
PRE,A+B+C 籌碼趨勢（M哥完整版）,1227.TW,30.1,0.0,0.0,0.81,0.8,均線轉下出場,2026-07-15
PRE,A+B+C 籌碼趨勢（M哥完整版）,1614.TW,32.4,0.0,0.0,0.81,3.0,均線轉下出場,2026-07-15
PRE,A+B+C 籌碼趨勢（M哥完整版）,2250.TW,64.0,0.0,0.0,0.81,0.4,均線轉下出場,2026-07-15
PRE,A+B+C 籌碼趨勢（M哥完整版）,3705.TW,55.1,0.0,0.0,0.81,1.0,均線轉下出場,2026-07-15
PRE,A+B+C 籌碼趨勢（M哥完整版）,6918.TW,73.5,0.0,0.0,0.81,0.8,均線轉下出場,2026-07-15
PRE,A+B+C 籌碼趨勢（M哥完整版）,9927.TW,69.8,0.0,0.0,0.81,1.5,均線轉下出場,2026-07-15
PRE,A+B+C 籌碼趨勢（M哥完整版）,4401.TWO,14.9,0.0,0.0,0.81,0.6,均線轉下出場,2026-07-15
PRE,A+B+C 籌碼趨勢（M哥完整版）,1217.TW,10.0,0.0,0.0,0.8,0.6,均線轉下出場,2026-07-15
PRE,A+B+C 籌碼趨勢（M哥完整版）,2034.TW,20.8,0.0,0.0,0.8,1.9,均線轉下出場,2026-07-15
PRE,A+B+C 籌碼趨勢（M哥完整版）,2723.TW,65.4,0.0,0.0,0.8,0.6,均線轉下出場,2026-07-15
PRE,A+B+C 籌碼趨勢（M哥完整版）,3266.TW,13.9,0.0,0.0,0.8,1.0,均線轉下出場,2026-07-15
PRE,A+B+C 籌碼趨勢（M哥完整版）,9937.TW,56.9,0.0,0.0,0.8,2.0,均線轉下出場,2026-07-15
PRE,A+B+C 籌碼趨勢（M哥完整版）,1321.TW,31.9,0.0,0.0,0.79,0.9,均線轉下出場,2026-07-15
PRE,A+B+C 籌碼趨勢（M哥完整版）,1702.TW,33.8,0.0,0.0,0.79,1.4,均線轉下出場,2026-07-15
PRE,A+B+C 籌碼趨勢（M哥完整版）,6873.TW,87.3,0.0,0.0,0.79,0.7,均線轉下出場,2026-07-15
PRE,A+B+C 籌碼趨勢（M哥完整版）,7760.TW,34.5,0.0,0.0,0.79,0.3,均線轉下出場,2026-07-15
PRE,A+B+C 籌碼趨勢（M哥完整版）,1416.TW,11.2,0.0,0.0,0.78,0.9,均線轉下出場,2026-07-15
PRE,A+B+C 籌碼趨勢（M哥完整版）,1475.TW,27.2,0.0,0.0,0.78,1.2,均線轉下出場,2026-07-15
PRE,A+B+C 籌碼趨勢（M哥完整版）,1477.TW,217.0,0.0,0.0,0.78,0.5,均線轉下出場,2026-07-15
PRE,A+B+C 籌碼趨勢（M哥完整版）,2106.TW,17.7,0.0,0.0,0.78,0.6,均線轉下出場,2026-07-15
PRE,A+B+C 籌碼趨勢（M哥完整版）,2528.TW,22.1,0.0,0.0,0.78,0.4,均線轉下出場,2026-07-15
PRE,A+B+C 籌碼趨勢（M哥完整版）,4557.TW,50.5,0.0,0.0,0.78,1.5,均線轉下出場,2026-07-15
PRE,A+B+C 籌碼趨勢（M哥完整版）,6589.TW,47.3,0.0,0.0,0.78,0.4,均線轉下出場,2026-07-15
PRE,A+B+C 籌碼趨勢（M哥完整版）,8488.TW,10.2,0.0,0.0,0.78,1.1,均線轉下出場,2026-07-15
PRE,A+B+C 籌碼趨勢（M哥完整版）,4128.TWO,16.1,0.0,0.0,0.78,0.4,均線轉下出場,2026-07-15
PRE,A+B+C 籌碼趨勢（M哥完整版）,4743.TWO,50.7,0.0,0.0,0.78,0.5,均線轉下出場,2026-07-15
PRE,A+B+C 籌碼趨勢（M哥完整版）,1109.TW,14.6,0.0,0.0,0.77,2.1,均線轉下出場,2026-07-15
PRE,A+B+C 籌碼趨勢（M哥完整版）,1760.TW,62.0,0.0,0.0,0.77,0.8,均線轉下出場,2026-07-15
PRE,A+B+C 籌碼趨勢（M哥完整版）,2608.TW,29.4,0.0,0.0,0.77,0.7,均線轉下出場,2026-07-15
PRE,A+B+C 籌碼趨勢（M哥完整版）,8443.TW,11.4,0.0,0.0,0.77,1.6,均線轉下出場,2026-07-15
PRE,A+B+C 籌碼趨勢（M哥完整版）,4911.TWO,35.1,0.0,0.0,0.77,5.2,均線轉下出場,2026-07-15
PRE,A+B+C 籌碼趨勢（M哥完整版）,1476.TW,331.0,0.0,0.0,0.76,0.7,均線轉下出場,2026-07-15
PRE,A+B+C 籌碼趨勢（M哥完整版）,4426.TW,8.3,0.0,0.0,0.76,0.4,均線轉下出場,2026-07-15
PRE,A+B+C 籌碼趨勢（M哥完整版）,6201.TW,49.2,0.0,0.0,0.76,1.2,均線轉下出場,2026-07-15
PRE,A+B+C 籌碼趨勢（M哥完整版）,8929.TWO,14.3,0.0,0.0,0.76,0.5,均線轉下出場,2026-07-14
PRE,A+B+C 籌碼趨勢（M哥完整版）,2524.TW,36.6,0.0,0.0,0.75,0.7,均線轉下出場,2026-07-15
PRE,A+B+C 籌碼趨勢（M哥完整版）,8940.TW,16.4,0.0,0.0,0.75,1.1,均線轉下出場,2026-07-15
PRE,A+B+C 籌碼趨勢（M哥完整版）,1626.TW,10.4,0.0,0.0,0.74,0.3,均線轉下出場,2026-07-15
PRE,A+B+C 籌碼趨勢（M哥完整版）,3164.TW,16.6,0.0,0.0,0.74,0.5,均線轉下出場,2026-07-15
PRE,A+B+C 籌碼趨勢（M哥完整版）,4994.TW,91.5,0.0,0.0,0.74,1.1,均線轉下出場,2026-07-15
PRE,A+B+C 籌碼趨勢（M哥完整版）,2227.TW,50.4,0.0,0.0,0.73,1.7,均線轉下出場,2026-07-15
PRE,A+B+C 籌碼趨勢（M哥完整版）,6965.TW,79.7,0.0,0.0,0.73,0.8,均線轉下出場,2026-07-15
PRE,A+B+C 籌碼趨勢（M哥完整版）,6637.TWO,64.6,0.0,0.0,0.73,0.4,均線轉下出場,2026-07-15
PRE,A+B+C 籌碼趨勢（M哥完整版）,1445.TW,11.6,0.0,0.0,0.72,0.4,均線轉下出場,2026-07-15
PRE,A+B+C 籌碼趨勢（M哥完整版）,7780.TW,17.9,0.0,0.0,0.72,0.5,均線轉下出場,2026-07-15
PRE,A+B+C 籌碼趨勢（M哥完整版）,1541.TW,21.8,0.0,0.0,0.7,0.5,均線轉下出場,2026-07-15
PRE,A+B+C 籌碼趨勢（M哥完整版）,2530.TW,19.1,0.0,0.0,0.7,0.5,均線轉下出場,2026-07-15
PRE,A+B+C 籌碼趨勢（M哥完整版）,2712.TW,15.4,0.0,0.0,0.7,0.9,均線轉下出場,2026-07-15
PRE,A+B+C 籌碼趨勢（M哥完整版）,6807.TW,33.5,0.0,0.0,0.7,2.2,均線轉下出場,2026-07-15
PRE,A+B+C 籌碼趨勢（M哥完整版）,1410.TW,27.0,0.0,0.0,0.69,0.5,均線轉下出場,2026-07-15
PRE,A+B+C 籌碼趨勢（M哥完整版）,8068.TWO,19.6,0.0,0.0,0.68,2.1,X型態+籌碼預警,2026-07-15
PRE,A+B+C 籌碼趨勢（M哥完整版）,3557.TW,26.5,0.0,0.0,0.67,0.5,均線轉下出場,2026-07-15
PRE,A+B+C 籌碼趨勢（M哥完整版）,4148.TW,30.1,0.0,0.0,0.65,0.6,均線轉下出場,2026-07-15
PRE,A+B+C 籌碼趨勢（M哥完整版）,4414.TW,8.6,0.0,0.0,0.64,0.4,均線轉下出場,2026-07-15
PRE-DEF,A+B+C 籌碼趨勢（M哥完整版）,2380.TW,19.8,0.0,0.0,3.04,0.9,扣抵預警+籌碼（A即將成立）,2026-07-15
PRE-DEF,A+B+C 籌碼趨勢（M哥完整版）,6834.TW,111.0,0.0,0.0,2.37,1.9,扣抵預警+籌碼（A即將成立）,2026-07-15
PRE-DEF,A+B+C 籌碼趨勢（M哥完整版）,6173.TWO,231.5,0.0,0.0,2.07,1.1,扣抵預警+籌碼（A即將成立）,2026-07-15
PRE-DEF,A+B+C 籌碼趨勢（M哥完整版）,2492.TW,379.0,0.0,0.0,2.05,1.8,扣抵預警+籌碼（A即將成立）,2026-07-15
PRE-DEF,A+B+C 籌碼趨勢（M哥完整版）,2327.TW,798.0,0.0,0.0,2.02,1.0,扣抵預警+籌碼（A即將成立）,2026-07-15
PRE-DEF,A+B+C 籌碼趨勢（M哥完整版）,2302.TW,45.7,0.0,0.0,1.96,0.4,扣抵預警+籌碼（A即將成立）,2026-07-15
PRE-DEF,A+B+C 籌碼趨勢（M哥完整版）,8261.TW,304.0,0.0,0.0,1.95,0.2,扣抵預警+籌碼（A即將成立）,2026-07-15
PRE-DEF,A+B+C 籌碼趨勢（M哥完整版）,8042.TWO,151.5,0.0,0.0,1.9,0.9,扣抵預警+籌碼（A即將成立）,2026-07-15
PRE-DEF,A+B+C 籌碼趨勢（M哥完整版）,2408.TW,481.0,0.0,0.0,1.88,1.6,扣抵預警+籌碼（A即將成立）,2026-07-15
PRE-DEF,A+B+C 籌碼趨勢（M哥完整版）,2243.TW,51.2,0.0,0.0,1.87,0.5,扣抵預警+籌碼（A即將成立）,2026-07-15
PRE-DEF,A+B+C 籌碼趨勢（M哥完整版）,2478.TW,173.0,0.0,0.0,1.86,1.3,扣抵預警+籌碼（A即將成立）,2026-07-15
PRE-DEF,A+B+C 籌碼趨勢（M哥完整版）,2483.TW,51.0,0.0,0.0,1.76,1.0,扣抵預警+籌碼（A即將成立）,2026-07-15
PRE-DEF,A+B+C 籌碼趨勢（M哥完整版）,2303.TW,166.0,0.0,0.0,1.75,0.6,扣抵預警+籌碼（A即將成立）,2026-07-15
PRE-DEF,A+B+C 籌碼趨勢（M哥完整版）,6658.TW,174.5,0.0,0.0,1.74,0.3,扣抵預警+籌碼（A即將成立）,2026-07-15
PRE-DEF,A+B+C 籌碼趨勢（M哥完整版）,2344.TW,180.5,0.0,0.0,1.71,0.5,扣抵預警+籌碼（A即將成立）,2026-07-15
PRE-DEF,A+B+C 籌碼趨勢（M哥完整版）,6525.TW,188.5,0.0,0.0,1.68,1.0,扣抵預警+籌碼（A即將成立）,2026-07-15
PRE-DEF,A+B+C 籌碼趨勢（M哥完整版）,3090.TW,225.0,0.0,0.0,1.67,1.5,扣抵預警+籌碼（A即將成立）,2026-07-15
PRE-DEF,A+B+C 籌碼趨勢（M哥完整版）,3189.TW,845.0,0.0,0.0,1.59,0.2,扣抵預警+籌碼（A即將成立）,2026-07-15
PRE-DEF,A+B+C 籌碼趨勢（M哥完整版）,3149.TW,90.2,0.0,0.0,1.57,0.4,扣抵預警+籌碼（A即將成立）,2026-07-15
PRE-DEF,A+B+C 籌碼趨勢（M哥完整版）,2375.TW,170.0,0.0,0.0,1.54,0.5,扣抵預警+籌碼（A即將成立）,2026-07-15
PRE-DEF,A+B+C 籌碼趨勢（M哥完整版）,6573.TW,23.4,0.0,0.0,1.53,0.6,扣抵預警+籌碼（A即將成立）,2026-07-15
PRE-DEF,A+B+C 籌碼趨勢（M哥完整版）,3016.TW,123.0,0.0,0.0,1.51,0.7,扣抵預警+籌碼（A即將成立）,2026-07-15
PRE-DEF,A+B+C 籌碼趨勢（M哥完整版）,6116.TW,16.7,0.0,0.0,1.49,0.3,扣抵預警+籌碼（A即將成立）,2026-07-15
PRE-DEF,A+B+C 籌碼趨勢（M哥完整版）,2484.TW,81.5,0.0,0.0,1.42,0.5,扣抵預警+籌碼（A即將成立）,2026-07-15
PRE-DEF,A+B+C 籌碼趨勢（M哥完整版）,1714.TW,16.7,0.0,0.0,1.39,0.8,扣抵預警+籌碼（A即將成立）,2026-07-15
PRE-DEF,A+B+C 籌碼趨勢（M哥完整版）,1447.TW,8.9,0.0,0.0,1.36,0.4,扣抵預警+籌碼（A即將成立）,2026-07-15
PRE-DEF,A+B+C 籌碼趨勢（M哥完整版）,4916.TW,113.0,0.0,0.0,1.34,0.7,扣抵預警+籌碼（A即將成立）,2026-07-15
PRE-DEF,A+B+C 籌碼趨勢（M哥完整版）,6166.TW,129.5,0.0,0.0,1.34,0.4,扣抵預警+籌碼（A即將成立）,2026-07-15
PRE-DEF,A+B+C 籌碼趨勢（M哥完整版）,6449.TW,291.5,0.0,0.0,1.34,0.6,扣抵預警+籌碼（A即將成立）,2026-07-15
PRE-DEF,A+B+C 籌碼趨勢（M哥完整版）,1727.TW,93.9,0.0,0.0,1.32,0.6,扣抵預警+籌碼（A即將成立）,2026-07-15
PRE-DEF,A+B+C 籌碼趨勢（M哥完整版）,1809.TW,45.3,0.0,0.0,1.31,0.3,扣抵預警+籌碼（A即將成立）,2026-07-15
PRE-DEF,A+B+C 籌碼趨勢（M哥完整版）,2428.TW,295.0,0.0,0.0,1.3,0.5,扣抵預警+籌碼（A即將成立）,2026-07-15
PRE-DEF,A+B+C 籌碼趨勢（M哥完整版）,2316.TW,178.5,0.0,0.0,1.29,0.8,扣抵預警+籌碼（A即將成立）,2026-07-15
PRE-DEF,A+B+C 籌碼趨勢（M哥完整版）,3006.TW,239.0,0.0,0.0,1.29,1.0,扣抵預警+籌碼（A即將成立）,2026-07-15
PRE-DEF,A+B+C 籌碼趨勢（M哥完整版）,2342.TW,48.7,0.0,0.0,1.26,0.5,扣抵預警+籌碼（A即將成立）,2026-07-15
PRE-DEF,A+B+C 籌碼趨勢（M哥完整版）,5471.TW,63.1,0.0,0.0,1.26,0.7,扣抵預警+籌碼（A即將成立）,2026-07-15
PRE-DEF,A+B+C 籌碼趨勢（M哥完整版）,1708.TW,56.7,0.0,0.0,1.22,0.5,扣抵預警+籌碼（A即將成立）,2026-07-15
PRE-DEF,A+B+C 籌碼趨勢（M哥完整版）,2441.TW,136.5,0.0,0.0,1.22,0.5,扣抵預警+籌碼（A即將成立）,2026-07-15
PRE-DEF,A+B+C 籌碼趨勢（M哥完整版）,6239.TW,314.0,0.0,0.0,1.22,0.6,扣抵預警+籌碼（A即將成立）,2026-07-15
PRE-DEF,A+B+C 籌碼趨勢（M哥完整版）,1563.TW,62.5,0.0,0.0,1.21,0.5,扣抵預警+籌碼（A即將成立）,2026-07-15
PRE-DEF,A+B+C 籌碼趨勢（M哥完整版）,2911.TW,7.5,0.0,0.0,1.2,0.6,扣抵預警+籌碼（A即將成立）,2026-07-15
PRE-DEF,A+B+C 籌碼趨勢（M哥完整版）,3711.TW,683.0,0.0,0.0,1.2,1.0,扣抵預警+籌碼（A即將成立）,2026-07-15
PRE-DEF,A+B+C 籌碼趨勢（M哥完整版）,6196.TW,585.0,0.0,0.0,1.2,1.3,扣抵預警+籌碼（A即將成立）,2026-07-15
PRE-DEF,A+B+C 籌碼趨勢（M哥完整版）,6770.TW,76.1,0.0,0.0,1.2,0.9,扣抵預警+籌碼（A即將成立）,2026-07-15
PRE-DEF,A+B+C 籌碼趨勢（M哥完整版）,2409.TW,28.3,0.0,0.0,1.19,0.4,扣抵預警+籌碼（A即將成立）,2026-07-15
PRE-DEF,A+B+C 籌碼趨勢（M哥完整版）,2881.TW,128.5,0.0,0.0,1.19,0.9,扣抵預警+籌碼（A即將成立）,2026-07-15
PRE-DEF,A+B+C 籌碼趨勢（M哥完整版）,8926.TW,67.7,0.0,0.0,1.19,0.6,扣抵預警+籌碼（A即將成立）,2026-07-15
PRE-DEF,A+B+C 籌碼趨勢（M哥完整版）,6243.TW,43.6,0.0,0.0,1.18,0.6,扣抵預警+籌碼（A即將成立）,2026-07-15
PRE-DEF,A+B+C 籌碼趨勢（M哥完整版）,6719.TW,248.0,0.0,0.0,1.18,0.2,扣抵預警+籌碼（A即將成立）,2026-07-15
PRE-DEF,A+B+C 籌碼趨勢（M哥完整版）,4551.TW,201.5,0.0,0.0,1.17,0.7,扣抵預警+籌碼（A即將成立）,2026-07-15
PRE-DEF,A+B+C 籌碼趨勢（M哥完整版）,3135.TW,161.0,0.0,0.0,1.15,0.7,扣抵預警+籌碼（A即將成立）,2026-07-15
PRE-DEF,A+B+C 籌碼趨勢（M哥完整版）,6585.TW,127.0,0.0,0.0,1.14,0.4,扣抵預警+籌碼（A即將成立）,2026-07-15
PRE-DEF,A+B+C 籌碼趨勢（M哥完整版）,6415.TW,504.0,0.0,0.0,1.12,0.7,扣抵預警+籌碼（A即將成立）,2026-07-15
PRE-DEF,A+B+C 籌碼趨勢（M哥完整版）,6579.TW,161.5,0.0,0.0,1.11,0.7,扣抵預警+籌碼（A即將成立）,2026-07-15
PRE-DEF,A+B+C 籌碼趨勢（M哥完整版）,8131.TW,81.2,0.0,0.0,1.11,1.4,扣抵預警+籌碼（A即將成立）,2026-07-15
PRE-DEF,A+B+C 籌碼趨勢（M哥完整版）,6405.TW,50.0,0.0,0.0,1.1,0.5,扣抵預警+籌碼（A即將成立）,2026-07-15
PRE-DEF,A+B+C 籌碼趨勢（M哥完整版）,6695.TW,57.6,0.0,0.0,1.1,0.8,扣抵預警+籌碼（A即將成立）,2026-07-15
PRE-DEF,A+B+C 籌碼趨勢（M哥完整版）,6202.TW,70.9,0.0,0.0,1.09,0.8,扣抵預警+籌碼（A即將成立）,2026-07-15
PRE-DEF,A+B+C 籌碼趨勢（M哥完整版）,6861.TW,238.5,0.0,0.0,1.09,1.3,扣抵預警+籌碼（A即將成立）,2026-07-15
PRE-DEF,A+B+C 籌碼趨勢（M哥完整版）,3167.TW,892.0,0.0,0.0,1.08,2.8,扣抵預警+籌碼（A即將成立）,2026-07-15
PRE-DEF,A+B+C 籌碼趨勢（M哥完整版）,2236.TW,165.5,0.0,0.0,1.07,0.5,扣抵預警+籌碼（A即將成立）,2026-07-15
PRE-DEF,A+B+C 籌碼趨勢（M哥完整版）,2383.TW,5080.0,0.0,0.0,1.07,0.8,扣抵預警+籌碼（A即將成立）,2026-07-15
PRE-DEF,A+B+C 籌碼趨勢（M哥完整版）,6257.TW,237.5,0.0,0.0,1.07,0.6,扣抵預警+籌碼（A即將成立）,2026-07-15
PRE-DEF,A+B+C 籌碼趨勢（M哥完整版）,0056.TW,53.0,0.0,0.0,1.06,0.7,扣抵預警+籌碼（A即將成立）,2026-07-15
PRE-DEF,A+B+C 籌碼趨勢（M哥完整版）,1762.TW,37.6,0.0,0.0,1.06,0.2,扣抵預警+籌碼（A即將成立）,2026-07-15
PRE-DEF,A+B+C 籌碼趨勢（M哥完整版）,2301.TW,216.0,0.0,0.0,1.06,0.6,扣抵預警+籌碼（A即將成立）,2026-07-15
PRE-DEF,A+B+C 籌碼趨勢（M哥完整版）,2885.TW,67.0,0.0,0.0,1.06,1.1,扣抵預警+籌碼（A即將成立）,2026-07-15
PRE-DEF,A+B+C 籌碼趨勢（M哥完整版）,2601.TW,7.1,0.0,0.0,1.05,0.9,扣抵預警+籌碼（A即將成立）,2026-07-15
PRE-DEF,A+B+C 籌碼趨勢（M哥完整版）,2851.TW,38.5,0.0,0.0,1.05,0.5,扣抵預警+籌碼（A即將成立）,2026-07-15
PRE-DEF,A+B+C 籌碼趨勢（M哥完整版）,2882.TW,96.6,0.0,0.0,1.05,0.5,扣抵預警+籌碼（A即將成立）,2026-07-15
PRE-DEF,A+B+C 籌碼趨勢（M哥完整版）,1568.TW,31.6,0.0,0.0,1.04,0.5,扣抵預警+籌碼（A即將成立）,2026-07-15
PRE-DEF,A+B+C 籌碼趨勢（M哥完整版）,2401.TW,31.2,0.0,0.0,1.04,0.5,扣抵預警+籌碼（A即將成立）,2026-07-15
PRE-DEF,A+B+C 籌碼趨勢（M哥完整版）,3321.TW,20.5,0.0,0.0,1.04,0.5,扣抵預警+籌碼（A即將成立）,2026-07-15
PRE-DEF,A+B+C 籌碼趨勢（M哥完整版）,6669.TW,5095.0,0.0,0.0,1.04,0.6,扣抵預警+籌碼（A即將成立）,2026-07-15
PRE-DEF,A+B+C 籌碼趨勢（M哥完整版）,6414.TW,394.5,0.0,0.0,1.03,1.2,扣抵預警+籌碼（A即將成立）,2026-07-15
PRE-DEF,A+B+C 籌碼趨勢（M哥完整版）,6491.TW,365.0,0.0,0.0,1.03,0.5,扣抵預警+籌碼（A即將成立）,2026-07-15
PRE-DEF,A+B+C 籌碼趨勢（M哥完整版）,8021.TW,532.0,0.0,0.0,1.03,0.4,扣抵預警+籌碼（A即將成立）,2026-07-15
PRE-DEF,A+B+C 籌碼趨勢（M哥完整版）,8109.TWO,138.0,0.0,0.0,1.03,0.9,扣抵預警+籌碼（A即將成立）,2026-07-15
PRE-DEF,A+B+C 籌碼趨勢（M哥完整版）,0055.TW,42.4,0.0,0.0,1.02,0.6,扣抵預警+籌碼（A即將成立）,2026-07-15
PRE-DEF,A+B+C 籌碼趨勢（M哥完整版）,1342.TW,116.5,0.0,0.0,1.02,1.1,扣抵預警+籌碼（A即將成立）,2026-07-15
PRE-DEF,A+B+C 籌碼趨勢（M哥完整版）,2404.TW,1285.0,0.0,0.0,1.02,1.3,扣抵預警+籌碼（A即將成立）,2026-07-15
PRE-DEF,A+B+C 籌碼趨勢（M哥完整版）,3028.TW,77.0,0.0,0.0,1.02,1.1,扣抵預警+籌碼（A即將成立）,2026-07-15
PRE-DEF,A+B+C 籌碼趨勢（M哥完整版）,3528.TW,90.9,0.0,0.0,1.02,0.3,扣抵預警+籌碼（A即將成立）,2026-07-15
PRE-DEF,A+B+C 籌碼趨勢（M哥完整版）,3209.TW,60.3,0.0,0.0,1.01,1.7,扣抵預警+籌碼（A即將成立）,2026-07-15
PRE-DEF,A+B+C 籌碼趨勢（M哥完整版）,8476.TW,22.5,0.0,0.0,1.01,0.3,扣抵預警+籌碼（A即將成立）,2026-07-15
PRE-DEF,A+B+C 籌碼趨勢（M哥完整版）,2337.TW,148.5,0.0,0.0,1.0,1.1,扣抵預警+籌碼（A即將成立）,2026-07-15
PRE-DEF,A+B+C 籌碼趨勢（M哥完整版）,2890.TW,40.0,0.0,0.0,1.0,0.6,扣抵預警+籌碼（A即將成立）,2026-07-15
PRE-DEF,A+B+C 籌碼趨勢（M哥完整版）,3022.TW,87.3,0.0,0.0,1.0,0.5,扣抵預警+籌碼（A即將成立）,2026-07-15
PRE-DEF,A+B+C 籌碼趨勢（M哥完整版）,2352.TW,31.5,0.0,0.0,0.99,0.4,扣抵預警+籌碼（A即將成立）,2026-07-15
PRE-DEF,A+B+C 籌碼趨勢（M哥完整版）,2415.TW,35.2,0.0,0.0,0.99,0.4,扣抵預警+籌碼（A即將成立）,2026-07-15
PRE-DEF,A+B+C 籌碼趨勢（M哥完整版）,3059.TW,45.5,0.0,0.0,0.99,0.3,扣抵預警+籌碼（A即將成立）,2026-07-15
PRE-DEF,A+B+C 籌碼趨勢（M哥完整版）,5484.TW,47.8,0.0,0.0,0.99,0.7,扣抵預警+籌碼（A即將成立）,2026-07-15
PRE-DEF,A+B+C 籌碼趨勢（M哥完整版）,6005.TW,34.4,0.0,0.0,0.99,0.4,扣抵預警+籌碼（A即將成立）,2026-07-15
PRE-DEF,A+B+C 籌碼趨勢（M哥完整版）,1904.TW,22.3,0.0,0.0,0.98,0.5,扣抵預警+籌碼（A即將成立）,2026-07-15
PRE-DEF,A+B+C 籌碼趨勢（M哥完整版）,2330.TW,2440.0,0.0,0.0,0.98,0.9,扣抵預警+籌碼（A即將成立）,2026-07-15
PRE-DEF,A+B+C 籌碼趨勢（M哥完整版）,4555.TW,48.3,0.0,0.0,0.98,0.4,扣抵預警+籌碼（A即將成立）,2026-07-15
PRE-DEF,A+B+C 籌碼趨勢（M哥完整版）,6271.TW,224.0,0.0,0.0,0.98,0.5,扣抵預警+籌碼（A即將成立）,2026-07-15
PRE-DEF,A+B+C 籌碼趨勢（M哥完整版）,1597.TW,138.0,0.0,0.0,0.97,0.7,扣抵預警+籌碼（A即將成立）,2026-07-15
PRE-DEF,A+B+C 籌碼趨勢（M哥完整版）,2324.TW,36.2,0.0,0.0,0.97,0.6,扣抵預警+籌碼（A即將成立）,2026-07-15
PRE-DEF,A+B+C 籌碼趨勢（M哥完整版）,6139.TW,895.0,0.0,0.0,0.97,0.8,扣抵預警+籌碼（A即將成立）,2026-07-15
PRE-DEF,A+B+C 籌碼趨勢（M哥完整版）,1710.TW,15.9,0.0,0.0,0.96,0.5,扣抵預警+籌碼（A即將成立）,2026-07-15
PRE-DEF,A+B+C 籌碼趨勢（M哥完整版）,2390.TW,12.1,0.0,0.0,0.96,0.6,扣抵預警+籌碼（A即將成立）,2026-07-15
PRE-DEF,A+B+C 籌碼趨勢（M哥完整版）,4919.TW,168.5,0.0,0.0,0.96,0.8,扣抵預警+籌碼（A即將成立）,2026-07-15
PRE-DEF,A+B+C 籌碼趨勢（M哥完整版）,2345.TW,2340.0,0.0,0.0,0.95,0.7,扣抵預警+籌碼（A即將成立）,2026-07-15
PRE-DEF,A+B+C 籌碼趨勢（M哥完整版）,4163.TWO,127.0,0.0,0.0,0.95,0.2,扣抵預警+籌碼（A即將成立）,2026-07-15
PRE-DEF,A+B+C 籌碼趨勢（M哥完整版）,2762.TW,84.8,0.0,0.0,0.94,1.3,扣抵預警+籌碼（A即將成立）,2026-07-15
PRE-DEF,A+B+C 籌碼趨勢（M哥完整版）,3356.TW,60.3,0.0,0.0,0.94,0.6,扣抵預警+籌碼（A即將成立）,2026-07-15
PRE-DEF,A+B+C 籌碼趨勢（M哥完整版）,3702.TW,116.5,0.0,0.0,0.94,1.7,扣抵預警+籌碼（A即將成立）,2026-07-15
PRE-DEF,A+B+C 籌碼趨勢（M哥完整版）,6141.TW,39.8,0.0,0.0,0.94,1.1,扣抵預警+籌碼（A即將成立）,2026-07-15
PRE-DEF,A+B+C 籌碼趨勢（M哥完整版）,3211.TWO,427.0,0.0,0.0,0.94,1.1,扣抵預警+籌碼（A即將成立）,2026-07-15
PRE-DEF,A+B+C 籌碼趨勢（M哥完整版）,7828.TWO,2015.0,0.0,0.0,0.94,0.7,扣抵預警+籌碼（A即將成立）,2026-07-15
PRE-DEF,A+B+C 籌碼趨勢（M哥完整版）,1314.TW,8.9,0.0,0.0,0.93,0.5,扣抵預警+籌碼（A即將成立）,2026-07-15
PRE-DEF,A+B+C 籌碼趨勢（M哥完整版）,2317.TW,239.0,0.0,0.0,0.93,0.7,扣抵預警+籌碼（A即將成立）,2026-07-15
PRE-DEF,A+B+C 籌碼趨勢（M哥完整版）,2892.TW,33.1,0.0,0.0,0.93,1.2,扣抵預警+籌碼（A即將成立）,2026-07-15
PRE-DEF,A+B+C 籌碼趨勢（M哥完整版）,3023.TW,321.5,0.0,0.0,0.93,0.3,扣抵預警+籌碼（A即將成立）,2026-07-15
PRE-DEF,A+B+C 籌碼趨勢（M哥完整版）,3443.TW,4120.0,0.0,0.0,0.93,0.8,扣抵預警+籌碼（A即將成立）,2026-07-15
PRE-DEF,A+B+C 籌碼趨勢（M哥完整版）,3003.TW,63.1,0.0,0.0,0.92,0.4,扣抵預警+籌碼（A即將成立）,2026-07-15
PRE-DEF,A+B+C 籌碼趨勢（M哥完整版）,3042.TW,189.5,0.0,0.0,0.92,0.3,扣抵預警+籌碼（A即將成立）,2026-07-15
PRE-DEF,A+B+C 籌碼趨勢（M哥完整版）,4545.TW,35.0,0.0,0.0,0.92,0.5,扣抵預警+籌碼（A即將成立）,2026-07-15
PRE-DEF,A+B+C 籌碼趨勢（M哥完整版）,3685.TWO,40.0,0.0,0.0,0.92,4.8,扣抵預警+籌碼（A即將成立）,2026-07-15
PRE-DEF,A+B+C 籌碼趨勢（M哥完整版）,1905.TW,14.9,0.0,0.0,0.91,0.2,扣抵預警+籌碼（A即將成立）,2026-07-15
PRE-DEF,A+B+C 籌碼趨勢（M哥完整版）,2027.TW,41.3,0.0,0.0,0.91,1.6,扣抵預警+籌碼（A即將成立）,2026-07-15
PRE-DEF,A+B+C 籌碼趨勢（M哥完整版）,2867.TW,8.9,0.0,0.0,0.91,0.8,扣抵預警+籌碼（A即將成立）,2026-07-15
PRE-DEF,A+B+C 籌碼趨勢（M哥完整版）,6799.TW,92.5,0.0,0.0,0.91,0.5,扣抵預警+籌碼（A即將成立）,2026-07-15
PRE-DEF,A+B+C 籌碼趨勢（M哥完整版）,8210.TW,1145.0,0.0,0.0,0.91,1.0,扣抵預警+籌碼（A即將成立）,2026-07-15
PRE-DEF,A+B+C 籌碼趨勢（M哥完整版）,9934.TW,10.8,0.0,0.0,0.91,1.0,扣抵預警+籌碼（A即將成立）,2026-07-15
PRE-DEF,A+B+C 籌碼趨勢（M哥完整版）,6841.TWO,63.8,0.0,0.0,0.91,0.6,均線轉下出場,2026-07-15
PRE-DEF,A+B+C 籌碼趨勢（M哥完整版）,2108.TW,28.8,0.0,0.0,0.9,0.5,扣抵預警+籌碼（A即將成立）,2026-07-15
PRE-DEF,A+B+C 籌碼趨勢（M哥完整版）,2206.TW,63.9,0.0,0.0,0.9,1.0,扣抵預警+籌碼（A即將成立）,2026-07-15
PRE-DEF,A+B+C 籌碼趨勢（M哥完整版）,3060.TW,33.6,0.0,0.0,0.9,0.4,扣抵預警+籌碼（A即將成立）,2026-07-15
PRE-DEF,A+B+C 籌碼趨勢（M哥完整版）,3311.TW,36.2,0.0,0.0,0.9,0.8,扣抵預警+籌碼（A即將成立）,2026-07-15
PRE-DEF,A+B+C 籌碼趨勢（M哥完整版）,6214.TW,141.0,0.0,0.0,0.9,0.5,扣抵預警+籌碼（A即將成立）,2026-07-15
PRE-DEF,A+B+C 籌碼趨勢（M哥完整版）,6278.TW,177.0,0.0,0.0,0.9,0.7,扣抵預警+籌碼（A即將成立）,2026-07-15
PRE-DEF,A+B+C 籌碼趨勢（M哥完整版）,1525.TW,66.9,0.0,0.0,0.89,0.6,扣抵預警+籌碼（A即將成立）,2026-07-15
PRE-DEF,A+B+C 籌碼趨勢（M哥完整版）,2498.TW,44.3,0.0,0.0,0.89,0.7,扣抵預警+籌碼（A即將成立）,2026-07-15
PRE-DEF,A+B+C 籌碼趨勢（M哥完整版）,3413.TW,348.0,0.0,0.0,0.89,1.6,扣抵預警+籌碼（A即將成立）,2026-07-15
PRE-DEF,A+B+C 籌碼趨勢（M哥完整版）,3416.TW,174.0,0.0,0.0,0.89,1.3,扣抵預警+籌碼（A即將成立）,2026-07-15
PRE-DEF,A+B+C 籌碼趨勢（M哥完整版）,3596.TW,191.0,0.0,0.0,0.89,0.4,扣抵預警+籌碼（A即將成立）,2026-07-15
PRE-DEF,A+B+C 籌碼趨勢（M哥完整版）,3694.TW,67.9,0.0,0.0,0.89,2.2,扣抵預警+籌碼（A即將成立）,2026-07-15
PRE-DEF,A+B+C 籌碼趨勢（M哥完整版）,4106.TW,25.0,0.0,0.0,0.89,1.7,扣抵預警+籌碼（A即將成立）,2026-07-15
PRE-DEF,A+B+C 籌碼趨勢（M哥完整版）,2353.TW,31.0,0.0,0.0,0.88,1.2,扣抵預警+籌碼（A即將成立）,2026-07-15
PRE-DEF,A+B+C 籌碼趨勢（M哥完整版）,3706.TW,90.9,0.0,0.0,0.88,0.6,扣抵預警+籌碼（A即將成立）,2026-07-15
PRE-DEF,A+B+C 籌碼趨勢（M哥完整版）,4306.TW,14.9,0.0,0.0,0.88,1.1,扣抵預警+籌碼（A即將成立）,2026-07-15
PRE-DEF,A+B+C 籌碼趨勢（M哥完整版）,6142.TW,10.1,0.0,0.0,0.88,1.0,扣抵預警+籌碼（A即將成立）,2026-07-15
PRE-DEF,A+B+C 籌碼趨勢（M哥完整版）,6916.TW,20.8,0.0,0.0,0.88,0.5,扣抵預警+籌碼（A即將成立）,2026-07-15
PRE-DEF,A+B+C 籌碼趨勢（M哥完整版）,8070.TW,52.4,0.0,0.0,0.88,0.4,扣抵預警+籌碼（A即將成立）,2026-07-15
PRE-DEF,A+B+C 籌碼趨勢（M哥完整版）,8499.TW,302.0,0.0,0.0,0.88,1.6,扣抵預警+籌碼（A即將成立）,2026-07-15
PRE-DEF,A+B+C 籌碼趨勢（M哥完整版）,3219.TWO,73.7,0.0,0.0,0.88,0.8,扣抵預警+籌碼（A即將成立）,2026-07-15
PRE-DEF,A+B+C 籌碼趨勢（M哥完整版）,3511.TWO,22.6,0.0,0.0,0.88,0.4,扣抵預警+籌碼（A即將成立）,2026-07-15
PRE-DEF,A+B+C 籌碼趨勢（M哥完整版）,2420.TW,59.5,0.0,0.0,0.87,1.0,扣抵預警+籌碼（A即將成立）,2026-07-15
PRE-DEF,A+B+C 籌碼趨勢（M哥完整版）,3607.TW,16.1,0.0,0.0,0.87,0.5,扣抵預警+籌碼（A即將成立）,2026-07-15
PRE-DEF,A+B+C 籌碼趨勢（M哥完整版）,3716.TW,34.8,0.0,0.0,0.87,0.6,扣抵預警+籌碼（A即將成立）,2026-07-15
PRE-DEF,A+B+C 籌碼趨勢（M哥完整版）,5215.TW,40.9,0.0,0.0,0.87,0.6,扣抵預警+籌碼（A即將成立）,2026-07-15
PRE-DEF,A+B+C 籌碼趨勢（M哥完整版）,5306.TW,90.4,0.0,0.0,0.87,1.8,均線轉下出場,2026-07-15
PRE-DEF,A+B+C 籌碼趨勢（M哥完整版）,6224.TW,64.5,0.0,0.0,0.87,0.3,扣抵預警+籌碼（A即將成立）,2026-07-15
PRE-DEF,A+B+C 籌碼趨勢（M哥完整版）,6666.TW,45.0,0.0,0.0,0.87,1.2,扣抵預警+籌碼（A即將成立）,2026-07-15
PRE-DEF,A+B+C 籌碼趨勢（M哥完整版）,9944.TW,18.0,0.0,0.0,0.87,1.3,扣抵預警+籌碼（A即將成立）,2026-07-15
PRE-DEF,A+B+C 籌碼趨勢（M哥完整版）,1460.TW,7.3,0.0,0.0,0.86,0.4,扣抵預警+籌碼（A即將成立）,2026-07-15
PRE-DEF,A+B+C 籌碼趨勢（M哥完整版）,1611.TW,12.8,0.0,0.0,0.86,0.6,扣抵預警+籌碼（A即將成立）,2026-07-15
PRE-DEF,A+B+C 籌碼趨勢（M哥完整版）,2457.TW,26.9,0.0,0.0,0.86,0.4,扣抵預警+籌碼（A即將成立）,2026-07-15
PRE-DEF,A+B+C 籌碼趨勢（M哥完整版）,2476.TW,129.5,0.0,0.0,0.86,0.6,扣抵預警+籌碼（A即將成立）,2026-07-15
PRE-DEF,A+B+C 籌碼趨勢（M哥完整版）,2495.TW,45.0,0.0,0.0,0.86,0.3,扣抵預警+籌碼（A即將成立）,2026-07-15
PRE-DEF,A+B+C 籌碼趨勢（M哥完整版）,2834.TW,17.9,0.0,0.0,0.86,0.5,扣抵預警+籌碼（A即將成立）,2026-07-15
PRE-DEF,A+B+C 籌碼趨勢（M哥完整版）,4967.TW,230.5,0.0,0.0,0.86,0.5,扣抵預警+籌碼（A即將成立）,2026-07-15
PRE-DEF,A+B+C 籌碼趨勢（M哥完整版）,6285.TW,267.0,0.0,0.0,0.86,1.2,扣抵預警+籌碼（A即將成立）,2026-07-15
PRE-DEF,A+B+C 籌碼趨勢（M哥完整版）,8930.TWO,31.8,0.0,0.0,0.86,1.1,均線轉下出場,2026-07-15
PRE-DEF,A+B+C 籌碼趨勢（M哥完整版）,0061.TW,25.3,0.0,0.0,0.85,0.7,扣抵預警+籌碼（A即將成立）,2026-07-15
PRE-DEF,A+B+C 籌碼趨勢（M哥完整版）,1455.TW,9.4,0.0,0.0,0.85,0.5,扣抵預警+籌碼（A即將成立）,2026-07-15
PRE-DEF,A+B+C 籌碼趨勢（M哥完整版）,2884.TW,34.5,0.0,0.0,0.85,0.6,扣抵預警+籌碼（A即將成立）,2026-07-15
PRE-DEF,A+B+C 籌碼趨勢（M哥完整版）,5607.TW,51.0,0.0,0.0,0.85,0.8,扣抵預警+籌碼（A即將成立）,2026-07-15
PRE-DEF,A+B+C 籌碼趨勢（M哥完整版）,9103.TW,5.1,0.0,0.0,0.85,1.0,扣抵預警+籌碼（A即將成立）,2026-07-15
PRE-DEF,A+B+C 籌碼趨勢（M哥完整版）,1605.TW,35.0,0.0,0.0,0.84,0.7,扣抵預警+籌碼（A即將成立）,2026-07-15
PRE-DEF,A+B+C 籌碼趨勢（M哥完整版）,1721.TW,23.4,0.0,0.0,0.84,0.3,扣抵預警+籌碼（A即將成立）,2026-07-15
PRE-DEF,A+B+C 籌碼趨勢（M哥完整版）,2836.TW,12.6,0.0,0.0,0.84,0.6,扣抵預警+籌碼（A即將成立）,2026-07-15
PRE-DEF,A+B+C 籌碼趨勢（M哥完整版）,3231.TW,145.5,0.0,0.0,0.84,0.8,扣抵預警+籌碼（A即將成立）,2026-07-15
PRE-DEF,A+B+C 籌碼趨勢（M哥完整版）,3583.TW,842.0,0.0,0.0,0.84,1.3,扣抵預警+籌碼（A即將成立）,2026-07-15
PRE-DEF,A+B+C 籌碼趨勢（M哥完整版）,6464.TW,78.7,0.0,0.0,0.84,5.8,扣抵預警+籌碼（A即將成立）,2026-07-15
PRE-DEF,A+B+C 籌碼趨勢（M哥完整版）,7750.TW,1990.0,0.0,0.0,0.84,0.6,扣抵預警+籌碼（A即將成立）,2026-07-15
PRE-DEF,A+B+C 籌碼趨勢（M哥完整版）,1459.TW,11.8,0.0,0.0,0.83,0.9,扣抵預警+籌碼（A即將成立）,2026-07-15
PRE-DEF,A+B+C 籌碼趨勢（M哥完整版）,2323.TW,11.1,0.0,0.0,0.83,0.6,扣抵預警+籌碼（A即將成立）,2026-07-15
PRE-DEF,A+B+C 籌碼趨勢（M哥完整版）,2897.TW,10.5,0.0,0.0,0.83,1.0,扣抵預警+籌碼（A即將成立）,2026-07-15
PRE-DEF,A+B+C 籌碼趨勢（M哥完整版）,3044.TW,426.0,0.0,0.0,0.83,0.6,扣抵預警+籌碼（A即將成立）,2026-07-15
PRE-DEF,A+B+C 籌碼趨勢（M哥完整版）,8112.TW,87.6,0.0,0.0,0.83,0.9,扣抵預警+籌碼（A即將成立）,2026-07-15
PRE-DEF,A+B+C 籌碼趨勢（M哥完整版）,9912.TW,12.7,0.0,0.0,0.83,1.5,扣抵預警+籌碼（A即將成立）,2026-07-15
PRE-DEF,A+B+C 籌碼趨勢（M哥完整版）,9918.TW,44.1,0.0,0.0,0.83,0.7,扣抵預警+籌碼（A即將成立）,2026-07-15
PRE-DEF,A+B+C 籌碼趨勢（M哥完整版）,1232.TW,152.0,0.0,0.0,0.82,1.1,均線轉下出場,2026-07-15
PRE-DEF,A+B+C 籌碼趨勢（M哥完整版）,1440.TW,13.4,0.0,0.0,0.82,0.6,扣抵預警+籌碼（A即將成立）,2026-07-15
PRE-DEF,A+B+C 籌碼趨勢（M哥完整版）,1456.TW,14.1,0.0,0.0,0.82,0.6,扣抵預警+籌碼（A即將成立）,2026-07-15
PRE-DEF,A+B+C 籌碼趨勢（M哥完整版）,1470.TW,23.0,0.0,0.0,0.82,1.7,扣抵預警+籌碼（A即將成立）,2026-07-15
PRE-DEF,A+B+C 籌碼趨勢（M哥完整版）,1608.TW,33.5,0.0,0.0,0.82,0.7,扣抵預警+籌碼（A即將成立）,2026-07-15
PRE-DEF,A+B+C 籌碼趨勢（M哥完整版）,2451.TW,253.0,0.0,0.0,0.82,0.8,扣抵預警+籌碼（A即將成立）,2026-07-15
PRE-DEF,A+B+C 籌碼趨勢（M哥完整版）,2838.TW,21.0,0.0,0.0,0.82,1.9,扣抵預警+籌碼（A即將成立）,2026-07-15
PRE-DEF,A+B+C 籌碼趨勢（M哥完整版）,3406.TW,554.0,0.0,0.0,0.82,1.1,扣抵預警+籌碼（A即將成立）,2026-07-15
PRE-DEF,A+B+C 籌碼趨勢（M哥完整版）,6192.TW,120.5,0.0,0.0,0.82,0.5,扣抵預警+籌碼（A即將成立）,2026-07-15
PRE-DEF,A+B+C 籌碼趨勢（M哥完整版）,8341.TW,76.2,0.0,0.0,0.82,1.0,扣抵預警+籌碼（A即將成立）,2026-07-15
PRE-DEF,A+B+C 籌碼趨勢（M哥完整版）,9911.TW,83.9,0.0,0.0,0.82,0.5,扣抵預警+籌碼（A即將成立）,2026-07-15
PRE-DEF,A+B+C 籌碼趨勢（M哥完整版）,7402.TWO,135.5,0.0,0.0,0.82,0.9,扣抵預警+籌碼（A即將成立）,2026-07-15
PRE-DEF,A+B+C 籌碼趨勢（M哥完整版）,8084.TWO,45.0,0.0,0.0,0.82,3.3,扣抵預警+籌碼（A即將成立）,2026-07-15
PRE-DEF,A+B+C 籌碼趨勢（M哥完整版）,1517.TW,11.0,0.0,0.0,0.81,0.8,扣抵預警+籌碼（A即將成立）,2026-07-15
PRE-DEF,A+B+C 籌碼趨勢（M哥完整版）,1737.TW,32.0,0.0,0.0,0.81,1.2,扣抵預警+籌碼（A即將成立）,2026-07-15
PRE-DEF,A+B+C 籌碼趨勢（M哥完整版）,3338.TW,67.1,0.0,0.0,0.81,0.6,扣抵預警+籌碼（A即將成立）,2026-07-15
PRE-DEF,A+B+C 籌碼趨勢（M哥完整版）,6153.TW,18.7,0.0,0.0,0.81,0.3,扣抵預警+籌碼（A即將成立）,2026-07-15
PRE-DEF,A+B+C 籌碼趨勢（M哥完整版）,9926.TW,50.0,0.0,0.0,0.81,1.0,均線轉下出場,2026-07-15
PRE-DEF,A+B+C 籌碼趨勢（M哥完整版）,2432.TW,28.8,0.0,0.0,0.8,0.8,扣抵預警+籌碼（A即將成立）,2026-07-15
PRE-DEF,A+B+C 籌碼趨勢（M哥完整版）,4440.TW,17.5,0.0,0.0,0.8,1.1,扣抵預警+籌碼（A即將成立）,2026-07-15
PRE-DEF,A+B+C 籌碼趨勢（M哥完整版）,4942.TW,37.8,0.0,0.0,0.8,1.7,扣抵預警+籌碼（A即將成立）,2026-07-15
PRE-DEF,A+B+C 籌碼趨勢（M哥完整版）,5522.TW,68.3,0.0,0.0,0.8,0.6,扣抵預警+籌碼（A即將成立）,2026-07-15
PRE-DEF,A+B+C 籌碼趨勢（M哥完整版）,6136.TW,24.2,0.0,0.0,0.8,0.7,扣抵預警+籌碼（A即將成立）,2026-07-15
PRE-DEF,A+B+C 籌碼趨勢（M哥完整版）,1259.TWO,58.1,0.0,0.0,0.8,3.6,扣抵預警+籌碼（A即將成立）,2026-07-15
PRE-DEF,A+B+C 籌碼趨勢（M哥完整版）,4406.TWO,9.9,0.0,0.0,0.8,0.1,扣抵預警+籌碼（A即將成立）,2026-07-15
PRE-DEF,A+B+C 籌碼趨勢（M哥完整版）,1417.TW,8.8,0.0,0.0,0.79,0.9,扣抵預警+籌碼（A即將成立）,2026-07-15
PRE-DEF,A+B+C 籌碼趨勢（M哥完整版）,1514.TW,110.5,0.0,0.0,0.79,0.8,扣抵預警+籌碼（A即將成立）,2026-07-15
PRE-DEF,A+B+C 籌碼趨勢（M哥完整版）,1725.TW,30.2,0.0,0.0,0.79,0.3,扣抵預警+籌碼（A即將成立）,2026-07-15
PRE-DEF,A+B+C 籌碼趨勢（M哥完整版）,1789.TW,20.9,0.0,0.0,0.79,1.3,扣抵預警+籌碼（A即將成立）,2026-07-15
PRE-DEF,A+B+C 籌碼趨勢（M哥完整版）,2009.TW,38.7,0.0,0.0,0.79,0.7,扣抵預警+籌碼（A即將成立）,2026-07-15
PRE-DEF,A+B+C 籌碼趨勢（M哥完整版）,2025.TW,11.9,0.0,0.0,0.79,0.4,均線轉下出場,2026-07-15
PRE-DEF,A+B+C 籌碼趨勢（M哥完整版）,2820.TW,16.6,0.0,0.0,0.79,0.6,扣抵預警+籌碼（A即將成立）,2026-07-15
PRE-DEF,A+B+C 籌碼趨勢（M哥完整版）,2903.TW,22.3,0.0,0.0,0.79,0.7,扣抵預警+籌碼（A即將成立）,2026-07-15
PRE-DEF,A+B+C 籌碼趨勢（M哥完整版）,4566.TW,67.2,0.0,0.0,0.79,3.6,扣抵預警+籌碼（A即將成立）,2026-07-15
PRE-DEF,A+B+C 籌碼趨勢（M哥完整版）,5007.TW,56.4,0.0,0.0,0.79,1.4,扣抵預警+籌碼（A即將成立）,2026-07-15
PRE-DEF,A+B+C 籌碼趨勢（M哥完整版）,6794.TW,79.1,0.0,0.0,0.79,0.9,扣抵預警+籌碼（A即將成立）,2026-07-15
PRE-DEF,A+B+C 籌碼趨勢（M哥完整版）,3492.TWO,23.0,0.0,0.0,0.79,0.3,扣抵預警+籌碼（A即將成立）,2026-07-15
PRE-DEF,A+B+C 籌碼趨勢（M哥完整版）,3504.TW,69.2,0.0,0.0,0.78,0.6,扣抵預警+籌碼（A即將成立）,2026-07-15
PRE-DEF,A+B+C 籌碼趨勢（M哥完整版）,4142.TW,17.5,0.0,0.0,0.78,1.2,扣抵預警+籌碼（A即將成立）,2026-07-15
PRE-DEF,A+B+C 籌碼趨勢（M哥完整版）,6120.TW,14.1,0.0,0.0,0.78,0.5,扣抵預警+籌碼（A即將成立）,2026-07-15
PRE-DEF,A+B+C 籌碼趨勢（M哥完整版）,6451.TW,491.0,0.0,0.0,0.78,0.5,扣抵預警+籌碼（A即將成立）,2026-07-15
PRE-DEF,A+B+C 籌碼趨勢（M哥完整版）,6792.TW,58.2,0.0,0.0,0.78,0.6,扣抵預警+籌碼（A即將成立）,2026-07-15
PRE-DEF,A+B+C 籌碼趨勢（M哥完整版）,5511.TWO,67.8,0.0,0.0,0.78,0.5,扣抵預警+籌碼（A即將成立）,2026-07-15
PRE-DEF,A+B+C 籌碼趨勢（M哥完整版）,1524.TW,27.7,0.0,0.0,0.77,0.8,扣抵預警+籌碼（A即將成立）,2026-07-15
PRE-DEF,A+B+C 籌碼趨勢（M哥完整版）,2211.TW,95.5,0.0,0.0,0.77,1.2,扣抵預警+籌碼（A即將成立）,2026-07-15
PRE-DEF,A+B+C 籌碼趨勢（M哥完整版）,2460.TW,33.4,0.0,0.0,0.77,0.3,扣抵預警+籌碼（A即將成立）,2026-07-15
PRE-DEF,A+B+C 籌碼趨勢（M哥完整版）,2461.TW,16.9,0.0,0.0,0.77,0.4,扣抵預警+籌碼（A即將成立）,2026-07-15
PRE-DEF,A+B+C 籌碼趨勢（M哥完整版）,6283.TW,22.0,0.0,0.0,0.77,0.4,扣抵預警+籌碼（A即將成立）,2026-07-15
PRE-DEF,A+B+C 籌碼趨勢（M哥完整版）,8201.TW,12.6,0.0,0.0,0.77,0.7,扣抵預警+籌碼（A即將成立）,2026-07-15
PRE-DEF,A+B+C 籌碼趨勢（M哥完整版）,2355.TW,47.7,0.0,0.0,0.76,0.9,扣抵預警+籌碼（A即將成立）,2026-07-15
PRE-DEF,A+B+C 籌碼趨勢（M哥完整版）,2459.TW,64.4,0.0,0.0,0.76,1.2,扣抵預警+籌碼（A即將成立）,2026-07-15
PRE-DEF,A+B+C 籌碼趨勢（M哥完整版）,2509.TW,13.3,0.0,0.0,0.76,0.7,扣抵預警+籌碼（A即將成立）,2026-07-15
PRE-DEF,A+B+C 籌碼趨勢（M哥完整版）,2360.TW,1905.0,0.0,0.0,0.75,1.1,扣抵預警+籌碼（A即將成立）,2026-07-15
PRE-DEF,A+B+C 籌碼趨勢（M哥完整版）,2605.TW,31.6,0.0,0.0,0.75,1.2,扣抵預警+籌碼（A即將成立）,2026-07-15
PRE-DEF,A+B+C 籌碼趨勢（M哥完整版）,3036.TW,200.0,0.0,0.0,0.75,0.9,扣抵預警+籌碼（A即將成立）,2026-07-15
PRE-DEF,A+B+C 籌碼趨勢（M哥完整版）,1593.TWO,30.4,0.0,0.0,0.75,2.5,扣抵預警+籌碼（A即將成立）,2026-07-15
PRE-DEF,A+B+C 籌碼趨勢（M哥完整版）,2436.TW,62.8,0.0,0.0,0.74,0.4,扣抵預警+籌碼（A即將成立）,2026-07-15
PRE-DEF,A+B+C 籌碼趨勢（M哥完整版）,3686.TW,16.2,0.0,0.0,0.74,0.8,扣抵預警+籌碼（A即將成立）,2026-07-15
PRE-DEF,A+B+C 籌碼趨勢（M哥完整版）,4720.TW,22.4,0.0,0.0,0.74,0.4,扣抵預警+籌碼（A即將成立）,2026-07-15
PRE-DEF,A+B+C 籌碼趨勢（M哥完整版）,6486.TWO,80.5,0.0,0.0,0.74,3.0,扣抵預警+籌碼（A即將成立）,2026-07-15
PRE-DEF,A+B+C 籌碼趨勢（M哥完整版）,2349.TW,12.1,0.0,0.0,0.73,0.6,扣抵預警+籌碼（A即將成立）,2026-07-15
PRE-DEF,A+B+C 籌碼趨勢（M哥完整版）,3010.TW,120.5,0.0,0.0,0.73,0.6,扣抵預警+籌碼（A即將成立）,2026-07-15
PRE-DEF,A+B+C 籌碼趨勢（M哥完整版）,6782.TW,201.0,0.0,0.0,0.73,0.7,扣抵預警+籌碼（A即將成立）,2026-07-15
PRE-DEF,A+B+C 籌碼趨勢（M哥完整版）,8083.TWO,156.5,0.0,0.0,0.73,0.7,扣抵預警+籌碼（A即將成立）,2026-07-15
PRE-DEF,A+B+C 籌碼趨勢（M哥完整版）,2444.TW,12.1,0.0,0.0,0.72,0.5,扣抵預警+籌碼（A即將成立）,2026-07-15
PRE-DEF,A+B+C 籌碼趨勢（M哥完整版）,4949.TW,78.9,0.0,0.0,0.72,0.6,扣抵預警+籌碼（A即將成立）,2026-07-15
PRE-DEF,A+B+C 籌碼趨勢（M哥完整版）,6862.TW,170.0,0.0,0.0,0.71,0.2,扣抵預警+籌碼（A即將成立）,2026-07-15
PRE-DEF,A+B+C 籌碼趨勢（M哥完整版）,6655.TW,120.0,0.0,0.0,0.7,2.5,均線轉下出場,2026-07-15
PRE-DEF,A+B+C 籌碼趨勢（M哥完整版）,6706.TW,128.5,0.0,0.0,0.7,0.5,扣抵預警+籌碼（A即將成立）,2026-07-15
PRE-DEF,A+B+C 籌碼趨勢（M哥完整版）,2368.TW,1025.0,0.0,0.0,0.69,0.9,扣抵預警+籌碼（A即將成立）,2026-07-15
PRE-DEF,A+B+C 籌碼趨勢（M哥完整版）,5284.TW,300.0,0.0,0.0,0.69,0.8,扣抵預警+籌碼（A即將成立）,2026-07-15
PRE-DEF,A+B+C 籌碼趨勢（M哥完整版）,6191.TW,96.9,0.0,0.0,0.69,0.3,扣抵預警+籌碼（A即將成立）,2026-07-15
PRE-DEF,A+B+C 籌碼趨勢（M哥完整版）,6456.TW,70.9,0.0,0.0,0.69,0.6,扣抵預警+籌碼（A即將成立）,2026-07-15
PRE-DEF,A+B+C 籌碼趨勢（M哥完整版）,8038.TWO,38.5,0.0,0.0,0.68,0.3,扣抵預警+籌碼（A即將成立）,2026-07-15
PRE-DEF,A+B+C 籌碼趨勢（M哥完整版）,3054.TW,60.2,0.0,0.0,0.66,1.0,扣抵預警+籌碼（A即將成立）,2026-07-15
PRE-DEF,A+B+C 籌碼趨勢（M哥完整版）,5243.TW,99.0,0.0,0.0,0.66,1.0,扣抵預警+籌碼（A即將成立）,2026-07-15
PRE-DEF,A+B+C 籌碼趨勢（M哥完整版）,6152.TW,13.2,0.0,0.0,0.66,0.8,扣抵預警+籌碼（A即將成立）,2026-07-15
PRE-DEF,A+B+C 籌碼趨勢（M哥完整版）,3380.TW,32.9,0.0,0.0,0.65,0.6,扣抵預警+籌碼（A即將成立）,2026-07-15
PRE-DEF,A+B+C 籌碼趨勢（M哥完整版）,3535.TW,100.5,0.0,0.0,0.65,0.9,扣抵預警+籌碼（A即將成立）,2026-07-15
PRE-DEF,A+B+C 籌碼趨勢（M哥完整版）,1528.TW,22.2,0.0,0.0,0.64,0.5,扣抵預警+籌碼（A即將成立）,2026-07-15
PRE-DEF,A+B+C 籌碼趨勢（M哥完整版）,2419.TW,27.3,0.0,0.0,0.64,0.4,扣抵預警+籌碼（A即將成立）,2026-07-15
PRE-DEF,A+B+C 籌碼趨勢（M哥完整版）,3665.TW,1910.0,0.0,0.0,0.63,1.2,扣抵預警+籌碼（A即將成立）,2026-07-15
PRE-DEF,A+B+C 籌碼趨勢（M哥完整版）,3533.TW,2025.0,0.0,0.0,0.62,1.3,扣抵預警+籌碼（A即將成立）,2026-07-15
PRE-DEF,A+B+C 籌碼趨勢（M哥完整版）,6805.TW,1395.0,0.0,0.0,0.6,0.7,扣抵預警+籌碼（A即將成立）,2026-07-15
PRE-DEF,A+B+C 籌碼趨勢（M哥完整版）,1582.TW,78.2,0.0,0.0,0.59,0.5,扣抵預警+籌碼（A即將成立）,2026-07-15
PRE-DEF,A+B+C 籌碼趨勢（M哥完整版）,6515.TW,7255.0,0.0,0.0,0.54,0.6,扣抵預警+籌碼（A即將成立）,2026-07-15
PRE-DEF,A+B+C 籌碼趨勢（M哥完整版）,3529.TWO,2530.0,0.0,0.0,0.47,1.3,扣抵預警+籌碼（A即將成立）,2026-07-15
BUY★,A+B+C 籌碼趨勢（M哥完整版）,7610.TW,2430.0,2345.0,3.5,3.08,1.1,早期確認（距突破<10%）+籌碼質變,2026-07-15
BUY★★,A+B+C 籌碼趨勢（M哥完整版）,6488.TWO,1480.0,1430.0,3.4,2.18,1.6,突破當日！立即關注,2026-07-15
BUY★★,A+B+C 籌碼趨勢（M哥完整版）,5483.TWO,278.0,246.5,11.3,1.71,2.2,突破當日！立即關注+A完整,2026-07-15
BUY★,A+B+C 籌碼趨勢（M哥完整版）,2305.TW,35.0,35.7,1.7,1.66,0.9,早期確認（距突破<10%）+籌碼質變,2026-07-15
BUY★★,A+B+C 籌碼趨勢（M哥完整版）,6241.TWO,18.8,17.5,6.9,1.51,2.5,突破當日！立即關注+A完整,2026-07-15
BUY★,融資維持率創低反彈（量增）,6241.TWO,18.8,16.6,11.7,1.51,2.5,維持率當日創低即放量承接 → 搏反彈 3,2026-07-15
BUY★★,A+B+C 籌碼趨勢（M哥完整版）,5488.TWO,17.7,17.2,2.8,1.37,2.1,突破當日！立即關注,2026-07-15
BUY★★,A+B+C 籌碼趨勢（M哥完整版）,7714.TWO,207.5,191.5,7.7,1.28,3.3,突破當日！立即關注+A完整,2026-07-15
BUY★,A+B+C 籌碼趨勢（M哥完整版）,3577.TWO,126.0,129.0,2.4,1.26,0.4,早期確認（距突破<10%）,2026-07-15
BUY★★,A+B+C 籌碼趨勢（M哥完整版）,4541.TWO,72.9,66.0,9.5,1.2,2.3,突破當日！立即關注+A完整,2026-07-15
BUY★,融資維持率創低反彈（量增）,4534.TWO,38.5,33.9,12.0,1.17,3.5,維持率當日創低即放量承接 → 搏反彈 3,2026-07-15
BUY★★,A+B+C 籌碼趨勢（M哥完整版）,8050.TWO,61.1,60.5,1.0,1.17,2.4,突破當日！立即關注+A完整,2026-07-15
BUY★,A+B+C 籌碼趨勢（M哥完整版）,3498.TWO,123.0,128.5,4.5,1.16,0.9,早期確認（距突破<10%）,2026-07-15
BUY★,A+B+C 籌碼趨勢（M哥完整版）,6732.TWO,201.0,192.5,4.2,1.08,1.4,早期確認（距突破<10%）,2026-07-15
BUY★,A+B+C 籌碼趨勢（M哥完整版）,6574.TWO,131.0,126.0,3.8,1.06,1.1,早期確認（距突破<10%）,2026-07-15
BUY★★,A+B+C 籌碼趨勢（M哥完整版）,8383.TWO,89.8,77.4,13.8,1.06,4.5,突破當日！立即關注+A完整,2026-07-15
BUY★★,A+B+C 籌碼趨勢（M哥完整版）,6829.TWO,257.0,243.5,5.3,0.96,2.8,突破當日！立即關注,2026-07-15
BUY★★,A+B+C 籌碼趨勢（M哥完整版）,6609.TWO,44.5,43.8,1.7,0.95,2.4,突破當日！立即關注,2026-07-15
BUY★,融資維持率創低反彈（量增）,6598.TW,26.1,24.3,7.2,0.93,4.5,維持率當日創低即放量承接 → 搏反彈 3,2026-07-15
BUY★,A+B+C 籌碼趨勢（M哥完整版）,3176.TWO,35.4,35.4,0.0,0.93,0.5,早期確認（距突破<10%）,2026-07-15
BUY★,A+B+C 籌碼趨勢（M哥完整版）,4207.TWO,20.0,19.6,2.2,0.92,0.7,早期確認（距突破<10%）+A完整,2026-07-15
BUY★★,A+B+C 籌碼趨勢（M哥完整版）,3551.TWO,225.0,209.0,7.1,0.87,5.3,突破當日！立即關注,2026-07-15
BUY★★,A+B+C 籌碼趨勢（M哥完整版）,6967.TWO,78.8,72.2,8.4,0.87,4.0,突破當日！立即關注,2026-07-15
BUY★,A+B+C 籌碼趨勢（M哥完整版）,6023.TWO,106.0,102.5,3.3,0.86,1.7,早期確認（距突破<10%）,2026-07-15
BUY★★,A+B+C 籌碼趨勢（M哥完整版）,6122.TWO,53.1,51.5,3.0,0.86,2.1,突破當日！立即關注,2026-07-15
BUY★,A+B+C 籌碼趨勢（M哥完整版）,3531.TWO,23.0,22.6,1.5,0.84,0.8,早期確認（距突破<10%）,2026-07-15
BUY★,融資維持率創低反彈（量增）,2035.TWO,27.6,27.4,1.1,0.8,2.1,維持率當日創低即放量承接 → 搏反彈 3,2026-07-15
BUY★,融資維持率創低反彈（量增）,5355.TWO,6.3,5.8,8.3,0.78,4.1,維持率當日創低即放量承接 → 搏反彈 3,2026-07-15
BUY★,融資維持率創低反彈（量增）,3252.TWO,17.4,17.1,1.2,0.71,1.8,維持率當日創低即放量承接 → 搏反彈 3,2026-07-15
