date,time,code,name,summary,market
2026-10-01,14:00,1338,廣華-KY,本公司受邀參加統一證券與IR Trust共同舉辦之廣華(1338)法說會，有意報名者請洽統一證券 李小姐，Email: maggie.lee@uni-psg.com,上市
2026-10-01,14:00,2520,冠德,本公司受邀參加國泰證券舉辦之法人說明會，說明本公司115年第2季營運成果。,上市
2026-10-01,14:30,2546,根基,本公司受邀參加國泰證券舉辦之法人說明會，說明本公司115年第2季營運成果。,上市
2026-10-01,14:30,3013,晟銘電,本公司受邀參加中國信託綜合證券舉辦之法人說明會。,上市
2026-10-01,14:30,7689,大鵬科CLMX,本公司受邀參加富邦證券舉辦之法人說明會， 說明本公司營運概況與未來展望。,上市
2026-10-01,14:30,7743,金利食安,本公司受邀參加永豐金證券舉辦之法人說明會,上櫃
2026-10-01,16:00,2317,鴻海,115年10月1日受BofA邀請參加投資人會議，說明本公司營運概況。,上市
2026-10-02,14:30,2329,華泰,受邀參加凱基證券舉辦之法人說明會，報告本公司營運狀況。,上市
2026-10-02,14:30,2399,映泰,受邀參加福邦證券舉辦之法人說明會，就本公司已公開之財務業務資訊作說明。,上市
2026-10-02,14:30,9908,大台北,本公司近期財務及營運概況說明,上市
2026-10-06,14:00,1402,遠東新,本公司受邀參加由凱基證券於2026/10/6在台北南港展覽館 所舉辦TITAS投資人說明會，說明2026年度第二季度營運與財務概況,上市
2026-10-06,14:30,6257,矽格,本公司受邀參加凱基證券舉辦之聯合法人說明會.說明本公司營運概況,上市
2026-10-06,14:30,9919,康那香,本公司受邀參加凱基證券舉辦之線上法人說明會，進行本公司民國115年第二季營運概況說明。,上市
2026-10-06,14:30,3265,台星科,本公司受邀參加凱基證券(股)公司舉辦之法人說明會，說明本公司營運概況。,上櫃
2026-10-06,14:30,3516,亞帝歐,公告本公司受邀參加永豐金證券舉辦之法人說明會,上櫃
2026-10-06,14:30,8390,金益鼎,本公司受邀參加中信證券舉辦之線上法人說明會，說明本公司營運成果及未來展望。,上櫃
2026-10-07,14:00,3624,光頡,本公司受邀參加中國信託證券舉辦之法說會,上櫃
2026-10-07,14:00,5309,系統電,本公司受邀參加群益金鼎證券舉辦之法人說明會，會中就本公司之營運狀況、經營績效等相關資訊做說明。,上櫃
2026-10-07,14:30,6120,達運,本公司受邀參加台新證券舉辦之線上法人說明會，說明本公司之財務與營運概況。,上市
2026-10-07,14:30,3707,漢磊,本公司受邀參加凱基證券於115年10月7日舉辦之法人說明會，說明公司營業成果與營運展望。,上櫃
2026-10-07,14:30,6174,安碁,本公司受邀參加兆豐證券所舉辦之法人說明會。,上櫃
2026-10-07,14:30,6517,保勝光學,本公司受邀參加凱基證券舉辦之線上法說會,上櫃
2026-10-07,14:30,8421,旭源,本公司受邀台中銀證券舉辦之法人說明會。,上櫃
2026-10-08,14:00,6126,信音,本公司受邀參加凱基證券舉辦之線上法人說明會， 說明公司營運&問題交流。,上櫃
2026-10-08,14:30,3008,大立光,115年第三季營運報告及說明115年第四季營運展望,上市
2026-10-08,15:00,2603,長榮,受邀參加永豐金證券舉辦之法說會，說明本公司之營運概況。,上市
2026-10-08,16:00,2607,榮運,受邀參加永豐金證券舉辦之法人說明會，說明本公司之營運概況。,上市
2026-10-12,15:00,2408,南亞科,(1)2026年第3季營運狀況說明 (2)參加方式：請參見 https://www.nanya.com/tw/IR/13/Investor Calendar,上市
2026-10-13,09:00,2328,廣宇,本公司受邀參加寬量國際主辦之「20th QIC CEO Week」，說明本公司之營運概況、財務及業務相關資訊。,上市
2026-10-14,09:00,6190,萬泰科,本公司受邀參加寬量國際主辦之「20th QIC CEO Week」，向投資人說明本公司之營運概況、財務及業務相關資訊。,上櫃
2026-10-14,14:20,2340,台亞,本公司舉辦財務業務概況座談會,上市
2026-10-14,14:20,7753,星亞,本公司舉辦財務業務概況座談會,上櫃
2026-10-15,14:00,2330,台積電,(1)公布本公司2026年第3季財務報告及2026年第4季業績展望。(2)參加方式：請參見https://investor.tsmc.com/chinese/quarterly-results/2026/q3,上市
2026-10-15,14:30,2402,毅嘉,本公司受邀參加兆豐證券舉辦之法人說明會，說明本公司之財務、營運及業務相關資訊。,上市
2026-10-16,14:00,6414,樺漢,本公司受邀參加國泰證券舉辦之法人說明會，說明本公司營運成果及未來展望。,上市
2026-10-19,14:00,2889,國票金,本公司自辦說明會，說明公司營運概況。,上市
2026-10-21,14:30,1731,美吾華,本公司受台新證券邀請，舉辦實體法人說明會，由經營團隊向法人及投資者說明公司研發及展業最新狀況。 (一)美吾髮®事業部 美吾髮®獲選為台灣百大品牌，業界唯一。經營染髮、洗髮、護髮、沐浴等系列產品，建構研發、生產到品牌行銷的完整價值鏈。 (二)醫藥事業部 行銷懷特生技新藥研發成功的新藥，以及國際大廠產品總代理。,上市
2026-10-21,14:30,4108,懷特,本公司受台新證券邀請，舉辦實體法說會，由經營團隊向法人及投資者說明公司研發及展業最新狀況。 懷特新藥為台灣首家以新藥研發為核心的上市公司，成功開發兩項獲衛福部核准上市的處方新藥：「懷特血寶®」為全球首項治療癌因性疲憊症的處方新藥，已納入第四期乳癌患者中重度疲憊症狀的健保給付；「懷特痛寶®」為全球首款口服納布啡新藥，用於緩解急性中度至重度疼痛。公司亦開發具特定功效訴求的保健產品，積極拓展國內外營收並推進獲利目標。,上市
2026-10-21,14:30,4188,安克,本公司受台新證券邀請，舉辦實體法說會，由經營團隊向法人及投資者說明公司研發及展業最新狀況。全球首家獲美國FDA核准超音波電腦輔助診斷(CAD)之創新醫材公司，結合超音波AI技術與臨床專業，已研發4項獲FDA、CE及台灣TFDA認證之高階醫材，包括「安克甲狀偵®」甲狀腺超音波AI檢測及「安克呼止偵®」10分鐘睡眠呼吸中止症檢測系統，大幅提升診斷速度與準確性。公司持續以創新AI技術推動精準醫療，憑藉國際專利布局與醫材認證，加速產品臨床應用及全球市場拓展。子公司聲博科技則開始將超音波技術跨域半導體及高端手術機器人產業。,上櫃
2026-10-29,14:00,2409,友達,115年第三季線上法人說明會,上市
2026-11-04,15:00,2412,中華電,115年第3季營運成果資料於法人說明會當日14:30後至https://www.cht.com.tw/chtir下載,上市
2026-11-04,15:30,2395,研華,本公司受邀參加大和國泰證券主辦之線上會議，就本公司115年第三季之財務數字、經營績效等資訊做相關說明。,上市
2026-11-13,16:00,3529,力旺,本公司將舉辦2026年第三季線上法人說明會，說明本公司財務及業務相關資訊。,上櫃
2026-11-17,14:00,1730,花仙子,本公司受邀參加中國信託綜合證券舉辦之法人說明會,上市
