掃描日,代號,名稱,收盤,狀態,A位階,B1大戶,B2量縮不跌,④突破,距60日高%,量比,催化:最新YoY%,大戶4週Δpp,反證:倒貨率%
2026-09-17,2412,中華電,145.0,⏳ 蓄勢(量縮不跌),✓,✓,✓,—,0.0,1.43,25.6,0.19,14.0
2026-09-17,2880,華南金,47.9,⏳ 蓄勢(量縮不跌),✓,✓,✓,—,0.0,0.81,6.5,0.29,19.0
2026-09-17,6214,精誠,193.0,⏳ 蓄勢(量縮不跌),✓,✓,✓,—,0.0,0.77,61.9,4.0,3.0
2026-09-17,6491,晶碩,401.0,⏳ 蓄勢(量縮不跌),✓,✓,✓,—,0.0,1.43,18.9,1.68,
2026-09-17,3045,台灣大,124.0,⏳ 蓄勢(量縮不跌),✓,✓,✓,—,-0.4,0.76,8.5,0.52,14.0
2026-09-17,3024,憶聲,14.8,⏳ 蓄勢(量縮不跌),✓,✓,✓,—,-1.0,0.76,-44.1,0.81,32.0
2026-09-17,2867,三商壽,9.7,⏳ 蓄勢(量縮不跌),✓,✓,✓,—,-1.2,0.0,-117.0,0.79,19.0
2026-09-17,5324,士開,12.2,⏳ 蓄勢(量縮不跌),✓,✓,✓,—,-1.2,0.83,-3.3,0.6,17.0
2026-09-17,2836,高雄銀,12.5,⏳ 蓄勢(量縮不跌),✓,✓,✓,—,-1.6,2.64,-1.5,0.05,10.0
2026-09-17,4904,遠傳,106.5,⏳ 蓄勢(量縮不跌),✓,✓,✓,—,-1.8,1.4,15.7,0.04,12.0
2026-09-17,2103,台橡,28.2,⏳ 蓄勢(量縮不跌),✓,✓,✓,—,-2.1,1.48,21.8,0.15,19.0
2026-09-17,2474,可成,208.5,⏳ 蓄勢(量縮不跌),✓,✓,✓,—,-2.3,0.99,-40.5,1.95,11.0
2026-09-17,2537,聯上發,11.4,⏳ 蓄勢(量縮不跌),✓,✓,✓,—,-2.6,0.86,-14.9,1.0,19.0
2026-09-17,3034,聯詠,545.0,⏳ 蓄勢(量縮不跌),✓,✓,✓,—,-2.9,0.7,26.3,0.64,12.0
2026-09-17,2330,台積電,2425.0,⏳ 蓄勢(量縮不跌),✓,✓,✓,—,-3.2,1.02,53.3,0.1,24.0
2026-09-17,2885,元大金,69.0,⏳ 蓄勢(量縮不跌),✓,✓,✓,—,-3.5,1.09,79.0,0.28,23.0
2026-09-17,2353,宏碁,32.4,⏳ 蓄勢(量縮不跌),✓,✓,✓,—,-4.1,1.25,38.4,0.31,30.0
2026-09-17,6026,福邦證,15.5,⏳ 蓄勢(量縮不跌),✓,✓,✓,—,-4.3,1.74,231.8,0.79,37.0
2026-09-17,1301,台塑,64.6,⏳ 蓄勢(量縮不跌),✓,✓,✓,—,-4.7,0.73,6.8,1.38,31.0
2026-09-17,2031,新光鋼,44.3,⏳ 蓄勢(量縮不跌),✓,✓,✓,—,-4.8,0.68,18.6,0.44,10.0
2026-09-17,4938,和碩,90.4,⏳ 蓄勢(量縮不跌),✓,✓,✓,—,-5.2,0.87,34.1,0.08,13.0
2026-09-17,1608,華榮,36.1,⏳ 蓄勢(量縮不跌),✓,✓,✓,—,-5.5,0.39,17.9,0.95,26.0
2026-09-17,2618,長榮航,42.0,⏳ 蓄勢(量縮不跌),✓,✓,✓,—,-5.5,0.85,24.9,0.58,21.0
2026-09-17,1907,永豐餘,29.5,⏳ 蓄勢(量縮不跌),✓,✓,✓,—,-5.6,0.48,6.0,0.11,3.0
2026-09-17,2032,新鋼,16.9,⏳ 蓄勢(量縮不跌),✓,✓,✓,—,-5.6,0.87,-5.3,0.03,14.0
2026-09-17,6024,群益期,61.5,⏳ 蓄勢(量縮不跌),✓,✓,✓,—,-5.7,1.37,7.8,0.24,
2026-09-17,3591,艾笛森,26.4,⏳ 蓄勢(量縮不跌),✓,✓,✓,—,-6.7,0.0,44.1,0.27,12.0
2026-09-17,2377,微星,153.0,⏳ 蓄勢(量縮不跌),✓,✓,✓,—,-6.8,0.66,-6.0,1.13,27.0
2026-09-17,3023,信邦,317.0,⏳ 蓄勢(量縮不跌),✓,✓,✓,—,-6.8,0.65,32.5,0.62,8.0
2026-09-17,2461,光群雷,17.5,⏳ 蓄勢(量縮不跌),✓,✓,✓,—,-6.9,0.66,-4.7,0.8,0.0
2026-09-17,1605,華新,37.2,⏳ 蓄勢(量縮不跌),✓,✓,✓,—,-7.1,0.54,15.0,0.49,26.0
2026-09-17,1402,遠東新,28.1,⏳ 蓄勢(量縮不跌),✓,✓,✓,—,-7.4,0.79,15.2,0.18,21.0
2026-09-17,2362,藍天,47.3,⏳ 蓄勢(量縮不跌),✓,✓,✓,—,-7.4,0.41,12.1,0.44,28.0
2026-09-17,2357,華碩,948.0,⏳ 蓄勢(量縮不跌),✓,✓,✓,—,-7.5,1.03,51.2,0.42,18.0
2026-09-17,6505,台塑化,86.2,⏳ 蓄勢(量縮不跌),✓,✓,✓,—,-7.5,1.38,50.3,0.23,26.0
2026-09-17,1326,台化,68.6,⏳ 蓄勢(量縮不跌),✓,✓,✓,—,-7.7,0.57,31.7,1.5,27.0
2026-09-17,1434,福懋,17.9,⏳ 蓄勢(量縮不跌),✓,✓,✓,—,-8.5,0.97,-7.2,0.16,12.0
2026-09-17,2382,廣達,344.0,⏳ 蓄勢(量縮不跌),✓,✓,✓,—,-9.0,1.21,177.4,0.09,27.0
2026-09-17,1308,亞聚,14.4,⏳ 蓄勢(量縮不跌),✓,✓,✓,—,-9.1,0.82,12.8,0.6,22.0
2026-09-17,4167,松瑞藥,19.5,⏳ 蓄勢(量縮不跌),✓,✓,✓,—,-9.5,1.5,22.3,0.14,21.0
2026-09-17,1909,榮成,10.3,⏳ 蓄勢(量縮不跌),✓,✓,✓,—,-10.0,0.62,23.2,0.17,10.0
2026-09-17,8415,大國鋼,34.8,⏳ 蓄勢(量縮不跌),✓,✓,✓,—,-10.0,1.05,38.1,0.01,10.0
2026-09-17,2376,技嘉,355.0,⏳ 蓄勢(量縮不跌),✓,✓,✓,—,-10.7,1.03,98.4,0.2,20.0
2026-09-17,6277,宏正,78.1,⏳ 蓄勢(量縮不跌),✓,✓,✓,—,-10.7,0.69,17.1,0.53,
2026-09-17,1513,中興電,165.0,⏳ 蓄勢(量縮不跌),✓,✓,✓,—,-10.8,0.87,8.9,0.25,22.0
2026-09-17,5515,建國,49.5,⏳ 蓄勢(量縮不跌),✓,✓,✓,—,-11.0,0.31,-4.4,0.08,0.0
2026-09-17,5434,崇越,530.0,⏳ 蓄勢(量縮不跌),✓,✓,✓,—,-11.1,1.03,36.3,0.67,9.0
2026-09-17,1710,東聯,16.6,⏳ 蓄勢(量縮不跌),✓,✓,✓,—,-11.7,2.15,24.0,0.91,25.0
2026-09-17,2476,鉅祥,119.5,⏳ 蓄勢(量縮不跌),✓,✓,✓,—,-12.1,0.54,41.0,0.49,27.0
2026-09-17,8070,長華*,50.1,⏳ 蓄勢(量縮不跌),✓,✓,✓,—,-12.4,0.9,37.6,0.09,16.0
2026-09-17,9105,泰金寶-DR,8.4,⏳ 蓄勢(量縮不跌),✓,✓,✓,—,-12.4,0.61,42.2,0.87,32.0
2026-09-17,3685,元創精密,35.8,⏳ 蓄勢(量縮不跌),✓,✓,✓,—,-12.6,0.35,-10.8,0.18,60.0
2026-09-17,4916,事欣科,103.0,⏳ 蓄勢(量縮不跌),✓,✓,✓,—,-12.7,2.87,83.0,0.09,27.0
2026-09-17,6651,全宇昕,147.0,⏳ 蓄勢(量縮不跌),✓,✓,✓,—,-13.0,0.71,62.3,0.97,
2026-09-17,2527,宏璟,43.8,⏳ 蓄勢(量縮不跌),✓,✓,✓,—,-13.4,0.48,4.2,0.09,0.0
2026-09-17,1313,聯成,12.3,⏳ 蓄勢(量縮不跌),✓,✓,✓,—,-14.0,1.99,6.0,0.42,18.0
2026-09-17,6770,力積電,71.2,⏳ 蓄勢(量縮不跌),✓,✓,✓,—,-14.4,0.88,76.2,2.34,24.0
2026-09-17,2312,金寶,31.0,⏳ 蓄勢(量縮不跌),✓,✓,✓,—,-14.8,0.68,22.4,0.25,28.0
2026-09-17,3711,日月光投控,614.0,⏳ 蓄勢(量縮不跌),✓,✓,✓,—,-14.8,0.71,45.6,0.24,19.0
2026-09-17,2379,瑞昱,715.0,⏳ 蓄勢(量縮不跌),✓,✓,✓,—,-14.9,1.35,28.1,0.01,9.0
2026-09-17,1560,中砂,815.0,🎯 剛突破,✓,✓,—,✓,0.0,2.54,30.4,0.2,16.0
2026-09-17,1727,中華化,105.0,🎯 剛突破,✓,✓,—,✓,0.0,2.75,62.7,1.75,29.0
2026-09-17,2033,佳大,30.9,🎯 剛突破,✓,✓,—,✓,0.0,2.16,9.7,1.58,
2026-09-17,2254,巨鎧精密-創,75.2,🎯 剛突破,✓,✓,—,✓,0.0,1.66,-92.0,0.44,
2026-09-17,2801,彰銀,29.6,🎯 剛突破,✓,✓,—,✓,0.0,1.85,21.1,0.29,16.0
2026-09-17,6226,光鼎,43.8,🎯 剛突破,✓,✓,—,✓,0.0,0.97,13.1,9.94,21.0
2026-09-17,6933,AMAX-KY,345.5,🎯 剛突破,✓,✓,—,✓,0.0,2.42,191.2,5.62,
2026-09-17,2221,大甲,116.0,🎯 剛突破,✓,✓,—,✓,0.0,1.74,81.3,0.45,
2026-09-17,3467,台灣精材,73.5,🎯 剛突破,✓,✓,—,✓,0.0,6.88,49.8,0.64,
2026-09-17,3623,富晶通,28.4,🎯 剛突破,✓,✓,—,✓,0.0,2.43,96.3,0.05,
2026-09-17,6021,美好證,45.1,🎯 剛突破,✓,✓,—,✓,0.0,1.93,-35.7,0.38,
2026-09-17,6218,豪勉,56.0,🎯 剛突破,✓,✓,—,✓,0.0,5.94,52.9,7.23,
2026-09-17,6840,東研信超,101.5,🎯 剛突破,✓,✓,—,✓,0.0,2.23,10.8,4.7,
2026-09-17,3264,欣銓,244.5,🎯 剛突破,✓,✓,—,✓,-4.9,3.01,46.6,2.23,19.0
2026-09-17,6133,金橋,26.0,🎯 剛突破,✓,✓,—,✓,-5.3,6.65,2.1,0.12,32.0
2026-09-17,2489,瑞軒,43.2,🎯 剛突破,✓,✓,—,✓,-6.3,2.47,23.6,0.55,26.0
2026-09-17,3580,友威科,94.6,🎯 剛突破,✓,✓,—,✓,-6.8,4.48,26.9,1.19,37.0
2026-09-17,2338,光罩,48.8,🎯 剛突破,✓,✓,—,✓,-8.3,4.23,-8.9,0.34,23.0
2026-09-17,3437,榮創,20.4,🎯 剛突破,✓,✓,—,✓,-9.6,3.35,-42.5,0.38,58.0
2026-09-17,8215,明基材,27.0,🎯 剛突破,✓,✓,—,✓,-11.0,4.08,4.9,0.36,20.0
2026-09-17,1314,中石化,9.0,🎯 剛突破,✓,✓,✓,✓,-13.8,5.02,-24.4,0.84,30.0
2026-09-17,4532,瑞智,25.0,🎯 剛突破,✓,✓,✓,✓,-14.1,5.55,21.4,0.11,10.0
2026-09-17,3016,嘉晶,115.5,🎯 剛突破,✓,✓,—,✓,-14.8,2.43,57.8,0.46,18.0
2026-09-17,3031,佰鴻,26.6,🎯 剛突破,✓,✓,—,✓,-22.8,3.78,27.8,0.47,22.0
2026-09-17,1568,倉佑,30.4,🎯 剛突破,✓,✓,—,✓,-27.0,2.26,6.4,0.03,
