代碼,名稱,產業,上月實際(百萬),預測(百萬),預測YoY%,近3月YoY中位,加速度pp,兩法一致,大戶週Δpp,法人5日(張)
1808,潤隆,建材營造業,3067.3,14992.4,48361.2,87447.7,19187.8,❌,0.22,-1888
4416,三圓,建材營造業,1444.3,722.1,7718.7,-8.5,-801.4,❌,-0.1,241
2548,華固,建材營造業,224.6,38834.4,4567.5,9203.5,-25406.0,❌,0.1,-2533
3535,晶彩科,光電業,73.0,59.4,1215.2,160.8,-4680.9,❌,-0.79,327
2542,興富發,建材營造業,5160.1,19912.1,1128.3,2114.2,576.5,❌,0.31,2369
8926,台汽電,油電燃氣業,6722.2,4627.6,1073.6,768.2,174.1,❌,0.35,161
6265,方土昶,電子通路業,617.1,832.1,969.7,1076.3,640.6,❌,-0.81,-3055
7777,能率亞洲,其他業,30.2,-150.3,701.4,701.4,759.2,—,-0.15,315
5289,宜鼎,電腦及週邊設備業,8208.0,8603.0,645.9,640.8,237.6,✅,-0.45,-1531
2408,南亞科,半導體業,29388.3,36442.4,580.9,717.3,130.6,❌,0.52,1343
5351,鈺創,半導體業,1902.5,2039.6,563.0,605.5,294.5,❌,-2.17,-9764
6199,天品,其他業,76.4,111.2,497.0,516.9,-70.6,✅,-0.87,156
6026,福邦證,金融保險業,242.7,453.9,461.7,461.7,350.9,—,0.34,1870
5522,遠雄,建材營造業,1992.2,6814.4,454.7,743.3,-476.7,❌,-0.03,-1113
5386,青雲,電腦及週邊設備業,1567.3,1270.8,420.6,412.8,-134.0,✅,-0.08,199
2539,櫻花建,建材營造業,1055.8,3239.6,418.9,418.9,452.5,—,-0.04,-652
6901,鑽石投資,其他業,2206.6,-474.8,407.5,407.5,320.6,—,0.01,-1185
2451,創見,半導體業,5068.2,6440.0,405.3,469.8,89.3,❌,0.66,-2314
5864,致和證,金融保險業,266.3,740.2,350.2,350.2,-1325.0,—,0.02,1234
4513,福裕,電機機械,713.6,384.3,340.8,33.5,8.0,❌,0.24,-123
3006,晶豪科,半導體業,4845.5,4987.3,334.5,328.4,198.9,✅,1.18,-4660
8299,群聯,半導體業,24852.8,23966.9,321.4,301.0,111.8,✅,0.88,153
6015,宏遠證,金融保險業,562.0,514.2,297.8,342.9,60.9,❌,-0.26,1545
2851,中再保,金融保險業,1582.7,7198.9,293.7,605.1,502.0,❌,-0.19,3398
8096,擎亞,電子通路業,8978.3,6547.6,292.4,154.5,196.4,❌,-0.48,-1585
2855,統一證,金融保險業,3222.7,5498.0,289.3,428.4,207.1,❌,0.14,4920
6177,達麗,建材營造業,2503.6,704.9,264.8,264.8,-290.1,—,0.75,129
3147,大綜,資訊服務業,1754.6,2592.8,260.1,334.5,374.4,❌,-0.44,158
4772,台特化,化學工業,300.6,308.6,251.5,241.2,-48.5,✅,0.15,68
2101,南港,橡膠工業,3414.0,2907.5,243.5,158.7,158.0,❌,0.22,-2766
8112,至上,電子通路業,61628.6,57631.0,225.0,231.2,94.3,✅,-0.07,-11457
3260,威剛,半導體業,14661.3,13847.7,225.0,210.4,29.0,✅,4.02,-5195
2891,中信金,金融保險業,19828.1,33999.6,222.4,341.3,309.8,❌,-0.01,11919
6533,晶心科,半導體業,372.2,314.6,219.7,22.9,10.6,❌,0.05,-132
2465,麗臺,電腦及週邊設備業,938.0,898.0,219.5,175.8,92.6,❌,1.32,920
2885,元大金,金融保險業,19576.4,33948.0,213.8,324.9,254.7,❌,-0.07,15519
3498,陽程,其他電子業,321.5,163.7,209.7,67.1,-48.8,❌,-0.07,146
2059,川湖,電子零組件業,4442.6,4303.1,205.9,172.1,133.2,❌,0.19,113
2887,台新新光金,金融保險業,17736.7,30747.5,205.3,329.5,110.1,❌,0.1,77671
8271,宇瞻,半導體業,2913.6,3167.7,200.7,224.4,-8.9,❌,1.82,670
2442,新美齊,建材營造業,48.9,42.8,197.8,168.4,-442.4,❌,-0.25,-3190
4973,廣穎,半導體業,861.8,897.8,192.2,187.2,107.6,✅,0.61,-19
2344,華邦電,半導體業,20596.8,19559.4,186.0,182.2,90.7,✅,0.96,-39239
2905,三商,貿易百貨業,15683.1,39246.9,184.4,352.9,347.5,❌,0.05,1217
2337,旺宏,半導體業,6956.3,7640.4,177.4,175.8,115.8,✅,0.74,10601
3135,凌航,半導體業,1610.1,1783.3,175.9,234.5,94.0,❌,-0.35,-1162
6179,亞通,其他業,1102.2,758.5,175.5,121.8,60.9,❌,0.85,1981
5475,德宏,電子零組件業,174.3,173.2,174.9,160.1,58.4,❌,-0.13,-2297
2425,承啟,電腦及週邊設備業,2408.4,2130.6,171.8,95.2,34.0,❌,0.63,137
5534,長虹,建材營造業,731.3,632.4,157.9,124.2,130.0,❌,-0.62,216
4931,新盛力,電腦及週邊設備業,394.4,433.0,150.0,145.1,109.0,✅,-5.51,-3910
6005,群益證,金融保險業,3645.8,4036.9,146.8,155.5,101.1,✅,-0.02,1424
3036,文曄,電子通路業,181749.4,229685.6,144.6,152.7,33.8,✅,-0.71,-7694
3041,揚智,半導體業,177.1,120.6,141.5,97.9,85.5,❌,0.02,94
6588,東典光電,通信網路業,33.4,35.5,141.4,155.8,9.6,❌,-1.67,-667
5314,世紀*,其他業,578.8,527.1,138.0,157.4,20.7,❌,0.97,4871
2347,聯強,電子通路業,76417.6,73111.3,131.2,129.3,90.0,✅,-0.09,-1914
2382,廣達,電腦及週邊設備業,385190.8,362516.9,128.9,102.9,41.0,❌,-0.03,14071
3443,創意,半導體業,4928.5,5094.1,128.1,132.1,72.0,✅,-1.48,121
4739,康普,化學工業,953.8,971.0,127.8,113.8,4.7,❌,0.77,-552
3081,聯亞,通信網路業,420.5,411.8,127.2,118.8,27.4,✅,0.47,1597
2383,台光電,電子零組件業,17733.0,18755.6,124.0,114.6,59.1,✅,-0.31,-598
2889,國票金,金融保險業,1660.2,2144.0,124.0,147.9,97.6,❌,-0.13,25518
3167,大量,電機機械,1041.0,1002.5,121.0,120.3,-2.7,✅,-2.87,633
2537,聯上發,建材營造業,152.2,145.8,120.4,128.5,-144.3,✅,0.08,694
2305,全友,電腦及週邊設備業,149.9,132.0,120.1,97.8,56.3,❌,1.37,206
1447,力鵬,紡織纖維,3121.9,2164.0,118.8,27.8,23.2,❌,-0.0,270
1316,上曜,建材營造業,677.6,747.1,117.0,115.5,4.3,✅,-0.08,-2592
8383,千附,半導體業,662.9,596.1,113.2,46.1,36.8,❌,-0.12,-667
3702,大聯大,電子通路業,192916.3,161338.7,110.7,82.9,54.3,❌,-0.66,-5647
6613,朋億*,其他電子業,1992.8,1647.6,109.5,81.7,74.9,❌,-0.58,-1224
2360,致茂,其他電子業,4114.1,4124.4,108.9,128.9,56.8,❌,0.2,-159
6691,洋基工程,其他電子業,4439.6,3575.6,108.0,82.3,1.9,❌,-0.36,-176
7769,鴻勁,半導體業,5301.6,5395.1,106.5,106.5,32.6,—,0.11,-657
2547,日勝生,建材營造業,1163.1,997.1,105.9,69.9,52.0,❌,0.04,-1123
6693,廣閎科,半導體業,234.3,238.5,105.5,107.0,60.8,✅,-0.04,-365
3708,上緯投控,綠能環保,158.0,135.7,103.8,61.7,123.9,❌,0.16,64
2025,千興,鋼鐵工業,85.5,76.4,103.7,112.0,-15.2,✅,0.67,227
6274,台燿,電子零組件業,4895.2,5399.4,102.4,107.7,35.4,✅,-1.81,-3714
6023,元大期,金融保險業,501.1,525.6,100.4,80.4,39.0,❌,-0.24,-19
3491,昇達科,通信網路業,256.7,251.2,98.7,84.0,26.9,❌,0.8,-215
2543,皇昌,建材營造業,1954.2,1794.1,96.8,86.1,65.7,❌,-0.05,290
6446,藥華藥,生技醫療業,2332.8,2507.5,92.6,94.9,38.2,✅,-0.04,-2002
3028,增你強,電子通路業,5981.7,6491.5,92.6,102.5,-6.0,❌,-0.39,-1289
6016,康和證,金融保險業,266.3,1111.3,92.1,231.1,79.3,❌,5.47,-965
3360,尚立,電子通路業,1177.3,1219.9,90.5,95.2,50.9,✅,-0.05,134
3290,東浦,電子零組件業,344.9,364.0,88.7,88.7,20.2,✅,-0.09,-344
8021,尖點,其他電子業,680.6,678.7,88.2,86.3,34.9,✅,0.29,-1588
3577,泓格,電腦及週邊設備業,165.4,169.1,85.4,85.4,79.9,✅,-0.21,-393
5498,凱崴,電子零組件業,208.7,206.4,85.2,80.3,32.6,✅,-0.63,456
6196,帆宣,其他電子業,7596.0,6870.0,84.0,64.9,59.5,❌,-0.05,463
1416,廣豐,其他業,48.7,46.5,81.8,61.1,29.0,❌,0.48,201
4916,事欣科,電腦及週邊設備業,501.5,412.4,81.4,80.5,59.0,✅,-0.48,-133
2406,國碩,光電業,805.1,1072.6,78.6,121.2,-38.9,❌,-0.51,-121
1795,美時,生技醫療業,3398.7,4270.4,78.1,105.8,-25.7,❌,0.12,-489
2467,志聖,電子零組件業,869.1,893.2,78.0,87.0,9.4,❌,0.13,1406
4542,科嶠,電子零組件業,132.5,101.0,77.9,57.5,25.0,❌,0.94,-620
3022,威強電,電腦及週邊設備業,962.7,1032.5,77.9,80.0,93.2,✅,-0.21,-889
3209,全科,電子通路業,5608.3,7903.1,77.1,83.8,66.6,✅,-1.03,-5989
6531,愛普*,半導體業,811.2,795.9,76.3,89.3,-23.3,❌,0.14,817
3693,營邦,電腦及週邊設備業,1160.3,867.1,76.2,24.8,63.3,❌,-0.45,1308
2485,兆赫,通信網路業,274.7,234.8,75.8,38.3,-124.4,❌,0.11,501
2890,永豐金,金融保險業,9682.9,11476.5,74.4,82.7,32.0,✅,-0.36,37792
4967,十銓,半導體業,3018.0,2233.7,74.4,78.6,-2.9,✅,0.9,1278
1714,和桐,化學工業,3075.0,3256.1,73.4,73.4,30.5,✅,-0.25,7558
2867,三商壽,金融保險業,6659.5,19613.1,73.2,187.2,199.5,❌,,25402
2363,矽統,半導體業,466.6,405.8,72.6,87.2,-84.4,❌,-0.61,-1447
2368,金像電,電子零組件業,8255.2,9633.2,70.6,78.2,15.1,✅,-0.19,-311
6589,台康生技,生技醫療業,113.3,126.9,70.1,56.3,-44.3,❌,-0.17,-198
3450,聯鈞,半導體業,1138.6,1040.3,69.0,49.9,75.5,❌,-1.68,5105
2241,艾姆勒,汽車工業,96.4,95.1,68.8,65.6,38.5,✅,-0.12,224
6426,統新,通信網路業,70.7,86.5,68.6,76.5,6.4,✅,0.54,514
3305,昇貿,其他電子業,1445.5,1491.6,68.0,71.4,9.0,✅,-0.11,-1128
8210,勤誠,電腦及週邊設備業,3237.7,2917.3,67.7,37.3,-12.3,❌,-0.34,327
3229,晟鈦,電子零組件業,137.3,137.1,67.6,59.8,-9.6,✅,-1.66,-391
7751,竑騰,半導體業,246.9,268.0,67.2,67.2,-6.7,—,0.0,35
6209,今國光,光電業,432.6,452.3,66.6,70.7,15.3,✅,-0.78,-685
2520,冠德,建材營造業,3398.5,3064.2,66.2,52.3,44.1,❌,0.17,-1083
9958,世紀鋼,鋼鐵工業,2138.7,1678.4,66.1,32.1,8.4,❌,-2.3,-1417
3324,雙鴻,其他電子業,2718.0,2886.8,66.1,62.1,-29.6,✅,2.91,7414
3706,神達,電腦及週邊設備業,15682.7,14152.1,65.1,49.3,15.0,❌,0.09,13957
3046,建碁,電腦及週邊設備業,972.1,1033.3,64.8,53.6,51.7,❌,-0.15,-520
2359,所羅門,其他電子業,580.3,496.5,64.5,35.6,74.0,❌,-2.84,-4332
2345,智邦,通信網路業,39554.5,37820.0,64.5,56.6,-15.3,✅,-0.38,-2237
8027,鈦昇,電機機械,246.9,191.3,64.2,58.5,15.1,✅,-0.02,-265
6770,力積電,半導體業,6473.9,6405.4,63.8,58.9,32.6,✅,0.12,22130
6834,天二科技,電子零組件業,214.4,211.5,63.8,58.7,35.3,✅,-0.52,-1454
3709,鑫聯大投控,電腦及週邊設備業,7614.8,5279.5,63.3,9.1,-14.2,❌,-0.36,-411
2881,富邦金,金融保險業,22157.8,51607.3,63.2,155.0,86.0,❌,0.17,-2892
6223,旺矽,半導體業,1832.9,1763.2,62.6,57.8,19.2,✅,-0.56,-1641
4577,達航科技,其他電子業,96.5,98.1,62.4,62.6,-17.3,✅,0.13,-110
5488,松普,電子零組件業,84.0,103.6,62.1,79.3,59.2,❌,0.08,-39
4989,榮科,電子零組件業,370.2,267.0,61.6,33.9,-44.8,❌,0.04,-2212
6259,百徽,電子零組件業,73.7,62.6,61.6,40.5,3.4,❌,0.0,197
6214,精誠,資訊服務業,6740.2,5807.5,61.3,45.8,14.3,❌,1.58,174
2388,威盛,半導體業,1248.0,1275.6,60.9,84.8,88.5,❌,-0.27,-646
5490,同亨,電腦及週邊設備業,179.6,144.9,60.7,32.9,21.6,❌,-1.03,-703
3017,奇鋐,電腦及週邊設備業,17618.1,18872.8,59.8,66.1,-45.6,✅,-0.03,1296
6285,啟碁,通信網路業,15869.6,14219.9,59.6,34.8,31.0,❌,0.14,975
2611,志信,航運業,86.1,84.8,59.5,56.4,19.7,✅,-1.21,259
6152,百一,通信網路業,185.4,187.9,59.2,78.6,100.6,❌,0.12,-45
2404,漢唐,其他電子業,8743.4,9621.7,58.4,85.0,16.1,❌,0.07,-571
8227,巨有科技,半導體業,159.1,240.1,58.3,88.4,6.5,❌,0.0,-162
5388,中磊,通信網路業,7270.8,8298.4,57.3,70.0,37.0,❌,-1.58,-3712
6187,萬潤,半導體業,1012.4,951.7,56.5,43.8,28.1,❌,0.13,331
4949,有成精密,光電業,333.8,286.8,56.3,43.9,5.8,❌,0.04,669
3048,益登,電子通路業,12572.7,13840.4,55.7,60.1,46.6,✅,-0.06,-1489
2364,倫飛,電腦及週邊設備業,182.6,195.0,55.7,51.4,64.8,✅,-0.19,-824
2376,技嘉,電腦及週邊設備業,42892.5,42795.3,54.6,68.5,11.5,❌,-0.42,382
6213,聯茂,電子零組件業,4213.7,3728.4,54.6,29.3,15.5,❌,0.17,-3437
2476,鉅祥,電子零組件業,915.0,970.5,54.4,48.7,10.9,✅,0.57,918
2882,國泰金,金融保險業,32306.4,56928.2,54.3,130.6,129.3,❌,0.1,16109
6716,應廣,半導體業,151.0,129.1,53.9,41.0,-5.6,❌,-0.84,-52
3231,緯創,電腦及週邊設備業,321822.0,294958.2,53.8,53.8,-97.7,✅,-0.68,-12299
8422,可寧衛*,綠能環保,608.5,550.4,53.6,50.3,80.5,✅,0.15,3304
2356,英業達,電腦及週邊設備業,102262.4,83403.6,53.3,36.5,1.7,❌,0.1,6474
3689,湧德,電子零組件業,768.5,782.8,53.2,44.3,13.3,❌,0.61,491
3003,健和興,電子零組件業,599.4,521.9,53.1,36.1,10.5,❌,0.39,1151
6218,豪勉,通信網路業,205.0,117.3,52.9,14.6,-9.9,❌,0.05,1399
8050,廣積,電腦及週邊設備業,955.8,702.0,52.8,4.0,17.6,❌,-0.37,48
8043,蜜望實,電子零組件業,622.3,712.1,52.4,48.4,12.4,✅,0.31,-236
6416,瑞祺電通,通信網路業,667.9,392.3,50.8,16.5,23.4,❌,-0.4,118
2357,華碩,電腦及週邊設備業,106723.0,82675.5,50.7,45.7,11.9,✅,0.07,4817
1785,光洋科,其他電子業,4607.7,5380.6,49.8,70.8,3.1,❌,-0.19,-763
6139,亞翔,其他電子業,8485.2,10072.8,49.6,70.6,-10.8,❌,0.29,-2051
2434,統懋,半導體業,7.5,6.4,48.9,-1.2,2.7,❌,0.0,270
2308,台達電,電子零組件業,65602.6,67492.6,48.7,43.9,11.0,✅,-0.01,1803
2395,研華,電腦及週邊設備業,10123.0,8922.9,48.5,34.6,12.9,❌,-0.14,1573
6156,松上,電子零組件業,616.3,607.0,48.2,34.5,32.9,❌,0.26,52
6584,南俊國際,電子零組件業,286.4,312.5,48.1,40.6,-12.1,❌,0.0,298
4576,大銀微系統,電機機械,344.1,339.1,48.0,48.0,-1.5,✅,0.15,1600
3653,健策,電子零組件業,2649.9,2485.1,47.7,37.7,18.9,❌,-0.32,-124
4714,永捷,化學工業,141.5,192.2,47.5,80.9,-17.5,❌,-0.11,-1496
1597,直得,電機機械,131.8,135.9,47.0,51.4,12.8,✅,0.86,-1717
3357,臺慶科,電子零組件業,764.5,786.3,46.6,37.8,25.7,❌,-0.08,-825
3033,威健,電子通路業,14527.8,11817.4,46.5,27.8,15.2,❌,-0.9,-6508
6291,沛亨,半導體業,243.3,256.5,46.5,42.1,-1.3,✅,0.0,-217
9945,潤泰新,其他業,4541.5,4751.0,45.9,58.8,36.8,❌,-0.05,-9878
3715,定穎投控,電子零組件業,2289.8,2170.6,45.5,45.5,22.4,—,0.4,-1401
6155,鈞寶,電子零組件業,74.2,76.6,45.5,43.3,36.8,✅,0.06,-313
4952,凌通,半導體業,285.8,246.6,45.0,20.4,10.3,❌,0.09,725
5464,霖宏,電子零組件業,100.4,105.9,44.4,42.5,27.0,✅,-0.49,-408
5328,華容,電子零組件業,104.0,100.9,44.3,23.1,14.8,❌,0.27,-481
6217,中探針,電子零組件業,429.1,476.1,44.3,43.9,1.0,✅,0.48,575
1815,富喬,電子零組件業,689.0,732.3,44.1,49.9,16.9,✅,8.17,65279
2317,鴻海,其他電子業,821762.9,884419.3,44.1,39.6,4.0,✅,-0.1,27915
6141,柏承,電子零組件業,221.2,204.5,44.0,32.1,22.7,❌,-2.77,1627
3704,合勤控,通信網路業,3463.5,3120.0,43.7,43.4,61.0,✅,-0.42,-2125
2327,國巨*,電子零組件業,15359.0,15289.4,43.6,38.9,16.1,✅,-0.5,-21823
6414,樺漢,電腦及週邊設備業,17661.3,15178.2,43.5,35.3,32.0,❌,-0.73,-815
7788,松川精密,電子零組件業,828.3,707.9,43.1,43.1,29.5,—,0.85,596
2464,盟立,其他電子業,812.6,761.0,42.9,30.8,23.0,❌,5.13,-7030
6166,凌華,電腦及週邊設備業,1508.3,1471.0,42.5,63.2,34.4,❌,-0.52,-979
8358,金居,電子零組件業,962.3,927.2,42.4,41.4,-4.5,✅,3.35,3454
3094,聯傑,半導體業,24.4,23.5,42.4,21.8,32.1,❌,0.78,779
3044,健鼎,電子零組件業,8002.1,8907.4,42.0,42.0,17.6,✅,-0.21,1096
1517,利奇,電機機械,189.4,204.2,42.0,19.8,43.0,❌,-0.3,-147
2302,麗正,半導體業,99.7,95.7,41.8,26.9,21.9,❌,0.53,1019
2221,大甲,其他業,149.1,142.9,41.6,19.2,-1.4,❌,3.33,508
8131,福懋科,半導體業,1106.3,1195.7,41.6,49.6,15.9,❌,0.0,475
2351,順德,半導體業,1213.7,1167.7,41.4,36.8,23.6,✅,3.71,7017
2606,裕民,航運業,1714.9,1975.0,41.4,38.7,22.4,✅,1.68,3088
2374,佳能,光電業,1048.8,996.2,41.0,27.8,-64.4,❌,-0.14,1004
6753,龍德造船,航運業,514.2,514.1,40.9,33.4,16.8,❌,-0.81,-1083
2646,星宇航空,航運業,5286.7,5648.9,40.8,40.8,7.7,—,0.05,-2747
4908,前鼎,通信網路業,91.2,91.6,40.8,29.7,16.4,❌,-0.08,-2334
8016,矽創,半導體業,1997.2,2130.2,40.7,37.2,10.4,✅,-0.59,-23
5291,邑昇,電子零組件業,122.6,126.6,40.5,40.5,6.2,✅,0.67,1477
2324,仁寶,電腦及週邊設備業,95853.6,82219.2,40.3,22.3,15.0,❌,-0.42,-26911
8042,金山電,電子零組件業,438.0,436.4,40.2,33.4,10.4,✅,0.88,-320
4541,晟田,其他業,199.4,195.9,40.2,44.7,-39.1,✅,0.1,-1021
3374,精材,半導體業,764.0,920.4,40.0,43.3,27.6,✅,2.63,23603
6829,千附精密,半導體業,216.8,229.0,39.9,37.2,20.6,✅,-0.19,724
4534,慶騰,電機機械,105.6,114.2,39.7,36.5,17.8,✅,-0.86,-436
3013,晟銘電,電腦及週邊設備業,887.5,871.7,39.7,26.5,-14.3,❌,0.48,-175
8046,南電,電子零組件業,4684.3,5055.0,39.6,39.5,0.4,✅,0.0,-2442
6206,飛捷,電腦及週邊設備業,610.0,573.8,39.5,44.5,35.1,✅,-0.27,370
3594,磐儀,電腦及週邊設備業,264.3,237.0,39.4,50.4,28.7,❌,-0.52,-494
2495,普安,電腦及週邊設備業,131.7,127.1,39.4,40.3,2.6,✅,0.35,622
6579,研揚,電腦及週邊設備業,1089.1,990.5,38.9,47.1,26.0,❌,-0.35,-537
6282,康舒,電子零組件業,3423.0,3178.9,38.8,28.3,10.2,❌,0.38,-691
3088,艾訊,電腦及週邊設備業,804.9,783.2,38.4,49.0,18.5,❌,0.02,-512
3016,嘉晶,半導體業,448.2,440.2,38.3,37.3,18.5,✅,-0.23,556
2880,華南金,金融保險業,7496.8,10294.0,38.2,59.6,33.8,❌,0.1,31679
3680,家登,半導體業,752.1,699.7,37.9,37.9,13.1,✅,0.42,1595
5347,世界,半導體業,5976.5,4978.4,37.8,19.5,12.2,❌,-0.21,705
3037,欣興,電子零組件業,14897.0,15590.5,37.8,32.4,9.1,✅,0.15,12128
2330,台積電,半導體業,442680.0,445246.7,37.8,30.1,-6.7,❌,0.04,10384
2103,台橡,橡膠工業,3913.3,3787.9,37.8,33.0,28.8,✅,0.33,3330
7780,大研生醫*,食品工業,241.8,205.6,37.7,37.7,-3.2,—,0.02,612
8155,博智,電子零組件業,538.8,504.6,37.7,29.6,-3.3,❌,-0.57,-692
2428,興勤,電子零組件業,973.4,907.7,37.6,29.7,18.5,❌,-1.54,-1788
2211,長榮鋼,鋼鐵工業,1636.5,1447.1,37.5,25.0,47.3,❌,-0.02,-300
6197,佳必琪,電子零組件業,895.0,994.8,37.4,41.8,21.5,✅,-0.62,46
3550,聯穎,電子零組件業,370.3,409.6,37.3,36.6,6.7,✅,1.06,183
2027,大成鋼,鋼鐵工業,11907.8,11841.9,37.1,42.5,22.6,✅,-0.04,359
8374,羅昇,電機機械,500.8,506.6,37.0,42.5,7.9,✅,-0.79,0
3162,精確,電機機械,897.7,829.8,36.9,21.9,0.5,❌,-0.22,-1332
4114,健喬,生技醫療業,750.9,677.9,36.8,13.5,-3.8,❌,-0.3,-180
5607,遠雄港,航運業,473.5,509.8,36.7,37.0,-1.8,✅,0.05,-496
2820,華票,金融保險業,353.3,446.2,36.4,46.4,0.0,❌,-0.04,449
2838,聯邦銀,金融保險業,1869.2,2381.3,36.3,61.1,50.1,❌,0.04,-1596
2369,菱生,半導體業,631.1,651.7,36.3,36.5,3.1,✅,-0.03,689
3264,欣銓,半導體業,1552.0,1575.9,35.8,33.0,10.5,✅,-0.05,4364
3090,日電貿,電子零組件業,1681.0,1706.1,35.7,28.1,15.1,❌,-1.03,-3275
2617,台航,航運業,447.7,459.7,35.6,33.3,27.0,✅,0.48,-292
6913,鴻呈,電子零組件業,308.1,301.1,35.3,35.3,21.6,—,1.27,52
6279,胡連,電子零組件業,976.7,953.6,35.0,28.9,42.9,✅,-0.64,-260
3234,光環,通信網路業,76.7,65.9,35.0,13.3,22.5,❌,2.3,1274
2401,凌陽,半導體業,734.1,731.3,34.9,28.7,6.5,✅,-0.27,-197
8150,南茂,半導體業,2538.3,2641.5,34.4,32.2,9.1,✅,0.14,17502
6190,萬泰科,通信網路業,985.5,985.5,34.3,30.1,18.3,✅,0.78,3305
6548,長科*,半導體業,1501.4,1541.3,34.2,36.6,22.9,✅,0.04,759
8028,昇陽半導體,半導體業,482.8,505.6,34.1,33.6,15.0,✅,-1.26,-93
8103,瀚荃,電子零組件業,375.6,393.7,33.7,22.4,-3.4,❌,4.85,3475
3105,穩懋,半導體業,1767.7,1926.7,33.6,40.3,14.4,❌,4.1,18786
6174,安碁,電子零組件業,65.2,71.6,33.6,26.9,6.8,❌,-0.15,-35
2486,一詮,光電業,701.0,691.8,33.3,31.4,11.9,✅,-0.26,1190
2511,太子,建材營造業,1179.7,1045.8,33.2,2.0,-2.9,❌,0.04,-495
2301,光寶科,電腦及週邊設備業,18655.6,18374.2,33.0,29.6,12.2,✅,0.58,-3073
1303,南亞,塑膠工業,27134.6,28084.1,32.8,31.4,19.6,✅,0.57,50233
8996,高力,電機機械,724.8,776.7,32.7,40.0,-165.7,❌,-2.23,-3684
4939,亞電,電子零組件業,151.2,163.2,32.7,21.2,23.1,❌,7.47,6022
1617,榮星,電器電纜,376.2,396.6,32.6,37.9,-3.7,✅,0.06,141
6163,華電網,資訊服務業,473.5,697.6,32.3,47.0,-22.4,❌,0.34,473
5471,松翰,半導體業,315.8,303.0,32.2,27.3,3.3,✅,-0.05,837
2636,台驊控股,航運業,2586.5,2281.9,32.1,10.7,24.7,❌,-0.05,-580
2030,彰源,鋼鐵工業,986.9,1007.8,32.0,33.9,37.0,✅,1.43,1863
2397,友通,電腦及週邊設備業,1284.7,1120.9,32.0,31.4,10.2,✅,-0.01,-230
2014,中鴻,鋼鐵工業,1830.2,1407.8,31.9,4.3,28.7,❌,0.09,-357
3060,銘異,電腦及週邊設備業,426.6,372.7,31.8,27.8,31.8,✅,0.15,-586
2108,南帝,橡膠工業,1056.3,1020.5,31.8,31.8,13.5,✅,0.31,625
2449,京元電子,半導體業,3621.7,3840.3,31.6,34.5,-6.5,✅,0.25,8881
8074,鉅橡,電子零組件業,144.7,143.8,31.4,23.1,-5.2,❌,-0.53,82
8071,能率網通,電子零組件業,202.5,207.4,31.2,24.6,21.1,❌,0.17,268
2472,立隆電,電子零組件業,1276.4,1279.2,31.2,29.9,20.6,✅,0.25,-2580
3413,京鼎,半導體業,2457.2,2179.8,31.1,16.7,5.0,❌,-0.21,-1835
6108,競國,電子零組件業,437.7,525.7,31.0,41.9,40.9,❌,0.39,1972
4540,全球傳動,電機機械,332.8,295.1,30.8,30.8,-44.2,✅,1.23,116
3711,日月光投控,半導體業,65783.1,67370.9,30.7,28.6,12.7,✅,-0.05,-3718
2413,環科,電子零組件業,332.0,388.5,30.6,33.5,21.4,✅,-0.17,212
2478,大毅,電子零組件業,624.1,585.2,30.6,16.5,2.9,❌,-0.51,-1512
6173,信昌電,電子零組件業,503.9,473.6,30.4,25.6,12.9,✅,-1.18,2207
3441,聯一光,光電業,41.4,59.8,30.4,46.2,10.1,❌,1.42,543
8121,越峰,電子零組件業,298.6,308.7,30.2,33.0,14.4,✅,-0.04,-79
2316,楠梓電,電子零組件業,320.6,380.7,30.1,39.1,22.6,❌,-0.22,708
6125,廣運,電機機械,362.7,455.6,29.7,56.8,31.8,❌,-0.26,-732
2436,偉詮電,半導體業,372.1,365.8,29.5,26.1,0.3,✅,-1.58,-2301
2607,榮運,航運業,1846.6,1863.4,29.4,25.4,40.5,✅,0.05,147
6175,立敦,電子零組件業,485.6,436.7,29.4,25.0,27.7,✅,-0.01,-484
5340,建榮,電子零組件業,248.4,239.2,29.3,25.3,6.8,✅,0.75,670
6472,保瑞,生技醫療業,2297.9,2325.3,29.3,39.2,62.4,❌,-0.18,-1129
3189,景碩,半導體業,4224.1,4325.8,29.2,32.3,7.2,✅,0.49,2573
2816,旺旺保,金融保險業,1341.2,1357.1,29.1,22.2,3.0,❌,0.77,290
2441,超豐,半導體業,1874.5,1820.8,29.1,20.9,1.9,❌,-0.4,1182
2605,新興,航運業,486.4,453.3,29.0,15.7,-19.0,❌,-1.32,-1871
8070,長華*,電子通路業,2107.1,2153.9,29.0,28.1,6.5,✅,0.2,1185
2049,上銀,電機機械,2554.1,2579.6,28.8,28.2,15.0,✅,-0.42,8
3624,光頡,電子零組件業,322.1,315.9,28.7,28.7,0.3,✅,0.82,-2596
8415,大國鋼,鋼鐵工業,2632.3,2507.9,28.6,20.7,8.5,❌,0.02,-400
2897,王道銀行,金融保險業,1188.6,1252.7,28.4,29.4,-8.8,✅,0.18,16734
5443,均豪,半導體業,466.3,404.7,28.4,-10.1,-28.1,❌,0.44,-576
2603,長榮,航運業,39141.3,43159.9,28.4,30.0,50.7,✅,0.35,7251
1522,堤維西,汽車工業,2320.8,2859.0,28.3,53.3,16.3,❌,0.44,599
2610,華航,航運業,21761.0,22755.9,28.3,27.7,13.2,✅,0.61,-7785
2618,長榮航,航運業,23472.2,23728.1,28.3,22.1,8.2,✅,0.42,6666
7792,安葆,其他電子業,750.1,757.6,28.3,28.3,-0.7,—,0.09,158
3219,倚強科,其他電子業,237.2,264.2,28.2,30.3,-27.2,✅,0.24,705
3031,佰鴻,光電業,114.7,109.6,28.0,27.0,4.4,✅,-0.34,349
1727,中華化,化學工業,224.4,227.0,27.8,19.2,19.2,❌,1.37,3690
3019,亞光,光電業,2914.0,2746.9,27.8,16.2,3.9,❌,0.49,2865
3707,漢磊,半導體業,620.2,633.7,27.7,29.9,7.5,✅,0.08,1590
2615,萬海,航運業,16165.9,15850.4,27.7,22.9,33.6,✅,0.7,3107
5880,合庫金,金融保險業,6519.1,8405.7,27.5,37.4,28.3,❌,0.06,16851
8033,雷虎,其他業,225.8,166.0,27.1,6.4,1.2,❌,2.74,-2857
2455,全新,通信網路業,326.0,369.3,26.9,37.7,21.1,❌,1.26,4644
8086,宏捷科,半導體業,407.7,448.3,26.8,37.0,-11.0,❌,-0.4,-701
6757,台灣虎航,航運業,1615.9,1764.0,26.8,26.5,-0.5,✅,-0.34,-443
6257,矽格,半導體業,1958.5,2011.8,26.5,23.7,10.2,✅,-0.95,-3396
6239,力成,半導體業,7623.0,8052.9,26.0,30.2,-4.9,✅,-0.8,-3769
3026,禾伸堂,電子零組件業,1378.4,1376.3,25.7,21.3,21.2,✅,-0.83,-1572
5434,崇越,電子通路業,7507.3,7206.1,25.7,18.6,4.7,❌,0.38,-205
6449,鈺邦,電子零組件業,463.0,471.8,25.7,23.3,7.6,✅,-0.94,-1528
4764,雙鍵,化學工業,284.4,256.5,25.6,22.4,-3.2,✅,-0.6,-276
6147,頎邦,半導體業,2288.3,2274.8,25.5,24.1,12.7,✅,0.65,-9960
6153,嘉聯益,電子零組件業,556.7,588.2,25.4,9.6,11.6,❌,0.2,970
2884,玉山金,金融保險業,9363.1,10480.8,25.3,25.3,15.1,✅,0.17,-9742
1609,大亞,電器電纜,3369.5,3262.6,25.2,22.0,2.0,✅,0.43,-2513
2313,華通,電子零組件業,6915.0,7507.0,25.2,13.0,1.9,❌,1.79,21813
3675,德微,半導體業,280.0,280.7,25.1,24.4,15.2,✅,0.2,-13
1444,力麗,紡織纖維,659.6,704.7,24.9,25.6,11.6,✅,-0.18,113
2483,百容,電子零組件業,197.7,182.8,24.6,15.0,-2.8,❌,0.08,-639
2061,風青,電器電纜,121.6,111.2,24.6,15.7,14.6,❌,-0.55,857
5515,建國,建材營造業,704.0,664.2,24.5,22.4,-20.6,✅,0.31,117
7795,長廣,電子零組件業,175.8,142.2,24.5,24.5,39.0,—,0.01,-275
3312,弘憶股,電子通路業,2142.1,2304.2,24.5,20.8,17.5,✅,0.07,175
2493,揚博,電子零組件業,406.3,393.0,24.4,24.9,23.6,✅,-0.54,-182
2379,瑞昱,半導體業,12310.6,12095.8,24.3,20.6,16.1,✅,0.08,142
2492,華新科,電子零組件業,3960.9,3875.8,23.8,16.5,5.4,❌,-0.67,1137
6277,宏正,電腦及週邊設備業,486.7,450.8,23.8,12.5,1.6,❌,0.29,-107
3005,神基,電腦及週邊設備業,4253.7,3859.6,23.7,15.1,15.1,❌,0.09,1956
3221,台嘉碩,通信網路業,226.1,221.6,23.5,14.7,18.5,❌,1.2,1595
3617,碩天,其他電子業,1232.2,1356.9,23.5,21.5,20.6,✅,-0.46,226
1409,新纖,紡織纖維,3554.1,3665.9,23.4,25.1,26.6,✅,-0.08,-11814
1336,台翰,電子零組件業,273.0,239.4,23.3,0.4,8.6,❌,0.01,375
3605,宏致,電子零組件業,1117.5,1096.1,23.3,16.5,9.3,❌,-4.3,-7738
1909,榮成,造紙工業,4709.4,4433.1,23.3,12.7,10.6,❌,0.09,679
4551,智伸科,汽車工業,749.9,825.7,23.2,26.7,15.0,✅,-0.09,-272
6435,大中,半導體業,322.8,331.6,23.1,21.6,20.2,✅,-1.16,-706
2405,輔信,電腦及週邊設備業,164.7,166.8,23.1,23.1,22.0,✅,-0.05,403
6683,雍智科技,半導體業,231.3,227.9,23.1,21.0,-25.7,✅,0.06,-520
6538,倉和,電子零組件業,135.7,118.3,22.9,-12.3,11.7,❌,1.39,-217
1736,喬山,運動休閒,5196.5,4128.2,22.8,6.4,-5.1,❌,-0.03,-184
1709,和益,化學工業,1030.7,757.5,22.8,5.4,11.1,❌,-0.63,-1445
3532,台勝科,半導體業,1224.1,1241.5,22.7,23.7,7.9,✅,0.44,477
3023,信邦,電子零組件業,3092.7,3008.9,22.5,17.5,15.8,✅,-0.25,506
1802,台玻,玻璃陶瓷,4207.1,4364.0,22.4,17.7,1.4,✅,0.3,22446
3685,元創精密,電機機械,119.1,130.8,22.4,28.8,-21.5,❌,-0.53,19
3356,奇偶,光電業,95.4,93.5,22.4,20.7,10.1,✅,-1.33,-83
8234,新漢,電腦及週邊設備業,680.2,526.9,22.3,2.4,34.7,❌,-0.5,546
6505,台塑化,油電燃氣業,63683.3,69134.8,22.3,26.9,37.6,✅,-0.1,10117
6442,光聖,通信網路業,1069.4,1006.1,22.2,1.6,-42.4,❌,-0.35,36
4147,中裕,生技醫療業,45.3,46.2,22.2,21.8,21.3,✅,-0.12,-1044
4566,時碩工業,電機機械,530.0,512.6,21.9,9.9,-2.7,❌,-1.8,-1281
2892,第一金,金融保險業,7231.2,9183.6,21.9,36.7,17.3,❌,-0.05,107098
2312,金寶,其他電子業,14855.4,13078.5,21.8,-3.5,9.6,❌,0.19,10436
4720,德淵,化學工業,337.4,357.6,21.7,18.4,18.8,✅,0.06,-131
8289,泰藝,電子零組件業,184.9,163.2,21.4,0.2,-1.7,❌,0.01,341
6840,東研信超,其他電子業,98.1,94.0,21.3,16.9,1.7,✅,2.49,37
5439,高技,電子零組件業,1103.0,1215.5,20.9,26.1,-36.5,✅,-0.03,-2546
3388,崇越電,電子零組件業,736.3,738.1,20.9,22.8,6.8,✅,-0.44,-1393
2812,台中銀,金融保險業,1936.6,2178.5,20.9,28.3,19.8,❌,0.04,14249
6805,富世達,電子零組件業,1206.3,1403.2,20.8,37.2,-57.8,❌,1.8,2060
4979,華星光,通信網路業,455.1,468.8,20.7,21.1,0.9,✅,3.69,178
6517,保勝光學,光電業,49.8,35.1,20.6,-18.7,9.1,❌,-0.19,862
6245,立端,通信網路業,708.6,627.0,20.6,14.1,38.9,❌,-0.13,-668
2421,建準,電子零組件業,1855.1,1941.2,20.6,15.0,-7.5,✅,1.15,18006
1514,亞力,電機機械,1177.5,1011.6,20.4,39.7,25.2,❌,-0.04,-1254
6244,茂迪,光電業,307.8,297.5,20.4,31.5,29.8,❌,-0.22,-145
3587,閎康,其他電子業,558.4,570.7,20.2,22.5,5.7,✅,-1.21,356
3430,奇鈦科,化學工業,170.9,154.3,20.2,13.8,-7.8,❌,0.0,182
2303,聯電,半導體業,23125.0,24088.3,20.2,17.8,12.5,✅,-0.29,-12712
3592,瑞鼎,半導體業,2230.5,2211.9,20.0,17.8,26.0,✅,-0.62,-146
4903,聯光通,通信網路業,236.6,178.3,20.0,26.0,-77.5,❌,-0.15,416
2515,中工,建材營造業,1531.9,2117.3,20.0,52.6,22.4,❌,-0.11,1478
6226,光鼎,光電業,55.8,59.3,19.9,17.3,18.1,✅,9.01,6270
2034,允強,鋼鐵工業,1224.7,1150.1,19.9,2.3,23.8,❌,-0.09,1473
6120,達運,光電業,1570.4,1389.9,19.8,-10.2,-17.3,❌,-0.11,-266
3652,精聯,電腦及週邊設備業,253.9,262.8,19.7,34.5,25.7,❌,0.04,-10
6727,亞泰金屬,電子零組件業,141.5,168.6,19.7,51.1,-214.7,❌,0.13,-41
2402,毅嘉,電子零組件業,1134.8,1125.2,19.6,15.2,1.7,✅,0.25,1379
4306,炎洲,塑膠工業,1286.2,1322.0,19.4,24.0,9.1,✅,0.09,-136
3625,西勝,電腦及週邊設備業,46.0,40.5,19.3,5.6,-8.7,❌,1.09,-128
3479,安勤,電腦及週邊設備業,882.8,953.8,19.3,10.8,-10.2,❌,0.02,-89
4561,健椿,電機機械,109.1,118.7,19.2,23.2,15.4,✅,0.0,22
3293,鈊象,文化創意業,2166.4,2108.3,19.1,14.7,-3.1,✅,-1.82,-5351
3034,聯詠,半導體業,10022.6,9663.2,19.0,9.3,19.5,❌,0.29,5053
1563,巧新,汽車工業,749.2,690.9,19.0,18.7,19.7,✅,0.57,961
6202,盛群,半導體業,352.0,308.7,18.9,6.9,-13.0,❌,-0.68,914
1560,中砂,電機機械,833.0,831.9,18.8,17.8,-13.4,✅,-0.04,814
2481,強茂,半導體業,1388.9,1311.0,18.6,13.7,-1.0,✅,1.14,8574
6782,視陽,生技醫療業,450.9,471.3,18.6,22.8,-9.6,✅,1.7,-832
4532,瑞智,電機機械,1974.7,1734.5,18.5,16.7,27.7,✅,0.31,-15
2208,台船,航運業,1489.3,1467.8,18.3,14.8,-24.1,✅,0.1,-1644
4915,致伸,電子零組件業,6289.3,6329.7,18.2,13.4,9.6,✅,-0.33,-1403
5904,寶雅,居家生活,2245.6,2449.5,18.1,16.7,-3.9,✅,-0.58,-8373
1712,興農,化學工業,1716.1,1525.8,18.0,9.4,15.6,❌,0.0,144
3211,順達,電腦及週邊設備業,1268.1,1199.1,18.0,18.6,-33.6,✅,0.22,-1449
5608,四維航,航運業,294.0,295.7,17.9,13.9,12.9,✅,-0.46,-912
2527,宏璟,建材營造業,132.6,149.9,17.7,3.7,2.2,❌,-0.44,-52
6789,采鈺,半導體業,853.6,863.7,17.7,15.6,8.2,✅,0.19,23
4749,新應材,半導體業,454.5,398.4,17.6,10.4,-22.2,❌,-1.05,-210
2845,遠東銀,金融保險業,1308.6,1428.3,17.5,21.7,9.9,✅,-0.05,924
2609,陽明,航運業,16591.2,18175.1,17.4,20.2,35.5,✅,1.07,-40410
7711,永擎,電腦及週邊設備業,2550.8,1559.9,17.1,17.1,-46.3,—,0.26,300
1308,亞聚,塑膠工業,516.7,545.4,17.1,16.2,31.8,✅,0.47,2795
9934,成霖,居家生活,1713.5,1613.2,17.1,4.4,-1.8,❌,-0.06,-478
2332,友訊,通信網路業,1292.5,1292.1,17.0,18.5,13.4,✅,-0.45,-7681
3010,華立,電子通路業,7781.4,7588.9,16.8,13.9,-8.0,✅,0.06,-145
2353,宏碁,電腦及週邊設備業,27818.4,25757.8,16.7,36.5,10.8,❌,0.09,11302
8110,華東,半導體業,660.0,676.2,16.5,16.2,5.1,✅,0.2,1673
8473,山林水,綠能環保,403.8,361.6,16.5,18.1,9.1,✅,0.13,203
4904,遠傳,通信網路業,9622.2,9376.1,16.4,13.7,8.6,✅,0.01,-286
6432,今展科,電子零組件業,100.2,112.6,16.4,18.9,24.8,✅,-1.31,-55
5285,界霖,半導體業,520.3,552.7,16.3,18.5,21.2,✅,0.74,84
6669,緯穎,電腦及週邊設備業,111371.1,98216.4,16.2,29.7,-73.8,❌,-0.66,-1189
3533,嘉澤,電子零組件業,3094.2,3301.6,16.2,15.2,-8.2,✅,0.36,-321
1326,台化,塑膠工業,27666.3,27081.2,16.2,15.4,11.2,✅,0.24,90778
6215,和椿,其他電子業,279.0,320.1,16.1,37.9,-13.3,❌,0.05,330
1717,長興,化學工業,3831.5,3833.2,16.0,14.9,9.5,✅,0.89,42260
2323,中環,光電業,638.9,726.7,15.9,16.9,3.8,✅,-0.02,60
3406,玉晶光,光電業,1739.2,2759.3,15.8,24.8,10.5,❌,3.46,8002
2106,建大,橡膠工業,3109.4,2923.4,15.8,8.9,10.8,❌,-0.44,-1920
5536,聖暉*,其他電子業,4774.3,4351.9,15.8,24.9,-13.9,❌,-0.2,-132
1476,儒鴻,紡織纖維,3762.6,3521.1,15.7,0.7,-4.9,❌,-0.16,-568
2489,瑞軒,光電業,2509.6,2350.0,15.5,14.3,4.9,✅,0.25,-1361
6603,富強鑫,電機機械,402.0,374.4,15.4,12.3,11.4,✅,-0.44,-526
3042,晶技,電子零組件業,1192.9,1280.3,15.2,10.5,3.9,✅,-0.2,9855
6182,合晶,半導體業,966.3,963.5,15.2,11.9,3.6,✅,-1.72,-370
6532,瑞耘,半導體業,61.0,67.9,15.2,25.5,44.7,❌,-0.38,550
2031,新光鋼,鋼鐵工業,1567.0,1476.7,15.1,7.8,7.5,❌,0.49,-225
4938,和碩,電腦及週邊設備業,91295.6,88649.4,15.0,12.0,24.5,✅,-0.05,996
2612,中航,航運業,447.5,467.1,14.9,11.7,12.9,✅,1.61,51
3227,原相,半導體業,820.3,830.1,14.9,10.3,15.8,✅,0.09,-258
1605,華新,電器電纜,16720.0,16375.6,14.7,11.1,15.7,✅,0.45,20618
2032,新鋼,鋼鐵工業,280.9,299.6,14.7,12.5,8.4,✅,0.28,-122
5483,中美晶,半導體業,7706.6,6283.6,14.7,5.7,6.9,❌,-1.53,-3368
5425,台半,半導體業,1670.3,1600.0,14.7,9.4,9.0,✅,2.32,2469
2836,高雄銀,金融保險業,566.1,505.7,14.5,14.4,9.8,✅,-0.01,-823
3317,尼克森,半導體業,247.6,250.1,14.4,10.8,-1.7,✅,0.06,-41
3265,台星科,半導體業,433.8,452.6,14.4,22.1,3.8,❌,0.02,1066
8054,安國,半導體業,261.4,366.1,14.4,47.7,-184.8,❌,0.31,566
2426,鼎元,光電業,249.1,214.2,14.3,3.1,17.2,❌,5.98,-5766
2417,圓剛,電腦及週邊設備業,343.2,312.2,14.2,5.0,-4.5,❌,0.5,341
2852,第一保,金融保險業,828.5,724.1,14.2,-6.8,-4.5,❌,0.18,-169
2009,第一銅,鋼鐵工業,307.0,325.0,14.1,12.7,-29.2,✅,0.89,1442
6271,同欣電,半導體業,1079.5,1053.8,14.1,7.6,12.2,❌,-0.88,876
1608,華榮,電器電纜,1103.0,1014.2,14.1,8.0,-16.6,❌,1.29,7618
6830,汎銓,其他電子業,206.3,217.6,14.0,19.4,-6.1,✅,0.42,-529
6138,茂達,半導體業,694.8,731.6,13.9,13.8,2.3,✅,1.33,-196
3029,零壹,資訊服務業,2536.9,2319.4,13.9,14.2,-11.9,✅,0.32,585
1513,中興電,電機機械,2833.3,2641.1,13.8,5.9,1.0,❌,0.47,1708
1402,遠東新,紡織纖維,22922.1,22011.1,13.6,14.3,17.6,✅,0.16,-2176
2801,彰銀,金融保險業,4815.7,5066.7,13.4,9.5,-9.0,✅,0.68,16547
4961,天鈺,半導體業,1859.6,1677.0,13.3,0.1,3.3,❌,-0.19,6
2204,中華,汽車工業,3042.4,2870.6,13.3,5.9,1.8,❌,-0.05,206
6205,詮欣,電子零組件業,138.9,130.1,13.2,-6.6,10.0,❌,-0.3,-276
2645,長榮航太,航運業,1824.6,1643.9,13.1,11.7,-0.5,✅,-0.4,-2798
3529,力旺,半導體業,178.5,616.7,12.9,12.9,-9.4,—,-0.03,-595
4707,磐亞,化學工業,150.8,137.6,12.8,-5.3,10.6,❌,-0.24,-3131
3163,波若威,通信網路業,181.2,183.9,12.6,16.5,-7.2,✅,8.5,-769
4526,東台,電機機械,483.4,476.7,12.6,26.7,56.2,❌,-0.02,-631
5426,振發,電腦及週邊設備業,161.1,179.7,12.3,23.6,29.2,❌,0.42,996
6706,惠特,光電業,63.4,39.3,12.3,-26.1,36.3,❌,-1.04,-156
2017,官田鋼,鋼鐵工業,249.7,254.6,12.3,6.8,11.0,✅,-0.71,-593
2362,藍天,電腦及週邊設備業,2231.2,2214.8,12.1,11.4,-7.6,✅,0.26,-48
3515,華擎,電腦及週邊設備業,3699.9,3199.4,12.0,-16.5,-57.2,❌,-0.55,350
4716,大立,化學工業,45.8,40.4,11.9,-2.1,-21.1,❌,-0.23,-442
2375,凱美,電子零組件業,543.1,502.8,11.7,2.0,-3.5,❌,-0.25,-3487
5469,瀚宇博,電子零組件業,5846.2,5930.8,11.7,6.0,-41.3,❌,0.17,748
5309,系統電,電子零組件業,294.0,275.3,11.5,7.6,11.0,✅,-0.05,-266
1210,大成,食品工業,8952.2,8845.2,11.5,10.2,5.2,✅,-0.13,-2303
2340,台亞,半導體業,483.1,429.6,11.3,5.7,8.4,❌,0.64,3415
2105,正新,橡膠工業,8571.0,8503.3,11.2,9.9,2.7,✅,0.02,-6797
2069,運錩,鋼鐵工業,921.0,922.0,11.2,10.7,23.4,✅,0.14,220
8932,智通*,數位雲端,242.6,193.0,11.2,3.6,-11.2,❌,-0.44,-2146
4590,富田-創,電機機械,119.9,97.1,11.0,11.0,35.7,—,-0.26,127
3714,富采,光電業,2133.8,2121.3,11.0,8.1,14.6,✅,0.27,2613
9921,巨大,運動休閒,5759.1,5663.5,10.9,5.8,27.4,✅,0.02,1179
3141,晶宏,半導體業,186.1,171.2,10.8,10.8,4.2,✅,0.48,3211
2886,兆豐金,金融保險業,8095.9,9406.5,10.7,25.6,7.9,❌,-0.08,71722
2834,臺企銀,金融保險業,3344.4,3395.2,10.5,5.9,1.1,✅,-0.07,25101
9939,宏全,其他業,2957.2,3119.5,10.4,12.1,16.2,✅,-0.17,-387
6112,邁達特,資訊服務業,2121.8,2116.1,10.4,13.8,-8.2,✅,-0.26,226
8936,國統,其他業,539.3,558.3,10.4,11.2,-14.3,✅,-0.01,356
6133,金橋,電子零組件業,126.1,138.8,10.3,5.3,-1.8,✅,-0.21,485
3481,群創,光電業,21703.4,21225.6,10.2,11.8,-6.8,✅,-0.34,-10516
1904,正隆,造紙工業,3878.1,3819.7,10.2,12.9,2.5,✅,0.1,1427
3131,弘塑,半導體業,631.1,613.0,10.1,7.2,-34.8,✅,0.78,356
2393,億光,光電業,1830.7,1850.2,10.1,10.2,14.5,✅,0.35,2058
3583,辛耘,半導體業,1035.0,1004.7,10.0,1.5,-11.2,❌,0.1,22
1711,永光,化學工業,690.8,683.8,10.0,9.4,-3.3,✅,1.22,4461
8261,富鼎,半導體業,296.0,291.7,9.9,5.2,-5.6,✅,1.03,-914
6668,中揚光,光電業,107.6,100.3,9.8,10.2,1.7,✅,0.87,742
5371,中光電,光電業,3621.1,3451.7,9.7,6.0,-5.6,✅,,-1073
1907,永豐餘,造紙工業,6602.2,6593.1,9.7,8.2,3.1,✅,0.06,-546
6127,九豪,電子零組件業,96.8,85.1,9.6,6.1,8.8,✅,0.91,-664
3056,富華新,建材營造業,81.9,62.9,9.6,2.4,59.6,❌,0.05,144
2399,映泰,電腦及週邊設備業,158.7,190.3,9.3,21.9,39.9,❌,0.51,3315
8215,明基材,光電業,1639.1,1627.9,9.0,13.0,16.2,✅,0.05,252
2458,義隆,半導體業,1059.3,1103.3,9.0,6.3,4.0,✅,-1.13,-1237
1307,三芳,塑膠工業,852.9,1046.8,9.0,9.1,10.2,✅,0.1,488
5009,榮剛,鋼鐵工業,1119.7,1036.1,8.9,2.8,7.6,❌,0.11,-414
2412,中華電,通信網路業,21342.4,20864.9,8.8,7.6,0.0,✅,-0.02,-4312
1477,聚陽,紡織纖維,2851.1,3023.7,8.7,8.8,18.2,✅,-1.02,-930
3230,錦明,光電業,32.7,36.0,8.6,11.6,36.4,✅,1.34,-132
4510,高鋒,電機機械,160.3,142.9,8.6,2.6,-36.0,❌,-0.28,-533
5512,力麒,建材營造業,462.4,435.2,8.5,-1.3,-5.3,❌,-0.07,186
6116,彩晶,光電業,1075.1,977.2,8.5,2.8,-7.2,❌,1.17,5616
6168,宏齊,光電業,204.0,197.6,8.4,6.7,-2.1,✅,1.37,3036
3543,州巧,光電業,268.8,285.5,8.3,2.8,11.6,❌,3.16,4093
6530,創威,通信網路業,31.6,29.3,8.3,18.1,2.8,❌,0.06,-192
6121,新普,電腦及週邊設備業,7052.2,6851.1,8.3,4.4,1.3,✅,0.25,18
2365,昆盈,電腦及週邊設備業,79.4,98.8,8.3,19.6,18.7,❌,0.28,-24
2454,聯發科,半導體業,58011.8,46726.7,8.1,2.8,10.9,✅,0.0,623
2355,敬鵬,電子零組件業,1365.8,1373.1,8.1,4.4,-1.3,✅,0.69,1566
1503,士電,電機機械,3108.9,2781.0,7.7,8.3,2.8,✅,0.4,773
2233,宇隆,汽車工業,284.7,303.7,7.6,7.6,10.7,✅,-1.74,-119
8182,加高,電子零組件業,248.8,250.9,7.6,5.6,7.8,✅,-0.16,155
2912,統一超,貿易百貨業,30618.9,31908.0,7.5,5.3,0.3,✅,0.38,-1547
6488,環球晶,半導體業,5624.4,4469.7,7.4,-3.3,11.0,❌,-0.87,-4432
2420,新巨,電子零組件業,210.7,215.3,7.3,5.5,2.3,✅,-0.49,248
3236,千如,電子零組件業,187.5,196.1,7.3,11.9,-1.2,✅,-0.91,-1135
2002,中鋼,鋼鐵工業,27994.1,26139.2,7.2,2.2,4.5,✅,0.08,-15435
6104,創惟,半導體業,357.9,346.5,7.2,1.7,5.5,❌,1.03,1427
2006,東和鋼鐵,鋼鐵工業,5474.1,4886.8,7.1,4.6,5.0,✅,-0.32,264
1708,東鹼,化學工業,519.4,549.7,7.1,18.4,13.0,❌,-0.39,1823
3537,堡達,電子零組件業,290.1,300.0,6.9,3.5,3.3,✅,0.02,-123
6191,精成科,電子零組件業,3447.0,3520.9,6.9,1.8,-76.5,✅,0.05,1150
3444,利機,電子通路業,117.5,108.0,6.9,-0.3,-9.3,❌,0.1,-40
2491,吉祥全,光電業,14.9,16.3,6.8,6.0,18.9,✅,2.18,3303
5521,工信,建材營造業,862.1,825.2,6.8,-0.7,0.0,❌,0.32,-1433
8114,振樺電,電腦及週邊設備業,1990.7,1485.3,6.7,-17.1,20.2,❌,-0.08,-55
3504,揚明光,光電業,245.8,226.1,6.7,2.2,-10.8,✅,2.39,1464
2634,漢翔,航運業,2843.9,2840.7,6.6,12.2,19.3,❌,-2.57,-22973
2371,大同,電機機械,5292.6,4565.4,6.6,-3.5,-11.5,❌,0.52,6165
3008,大立光,光電業,3712.0,5770.7,6.6,24.5,13.7,❌,0.56,447
3596,智易,通信網路業,4737.6,4795.8,6.6,4.0,2.3,✅,-1.06,-2931
6278,台表科,光電業,4376.7,4434.6,6.6,3.9,6.5,✅,2.05,1313
3576,聯合再生,光電業,208.2,190.0,6.6,2.2,47.6,✅,-0.04,7159
5392,能率,光電業,778.8,778.9,6.5,3.9,2.2,✅,1.9,943
1504,東元,電機機械,5277.2,5172.5,6.5,10.6,7.3,✅,0.13,8096
1515,力山,電機機械,424.5,441.9,6.4,6.4,-14.0,✅,-0.58,-1155
9938,百和,其他業,1256.3,1355.6,6.4,4.4,12.3,✅,0.12,-1009
2331,精英,電腦及週邊設備業,2269.3,1908.4,6.3,13.0,-21.0,❌,0.01,352
8163,達方,電腦及週邊設備業,2344.7,2315.0,6.3,9.5,-2.0,✅,-0.07,271
6290,良維,電子零組件業,848.2,838.3,6.3,3.7,-10.8,✅,0.99,-1251
2409,友達,光電業,24952.5,22222.6,6.2,-1.4,-2.0,❌,-0.16,37528
8454,富邦媒,數位雲端,9824.8,8630.3,6.2,4.1,2.2,✅,-0.13,-83
2613,中櫃,航運業,311.8,308.2,6.0,6.0,1.2,✅,-0.23,-321
1216,統一,食品工業,58301.1,60406.4,5.8,2.7,0.1,✅,0.01,8510
3591,艾笛森,光電業,241.9,221.9,5.8,5.2,7.3,✅,0.59,627
6227,茂綸,電子通路業,1992.1,2428.0,5.8,18.3,-49.2,❌,-0.29,-1217
3059,華晶科,光電業,795.4,800.7,5.7,3.0,-7.8,✅,0.03,-622
4128,中天,生技醫療業,161.1,165.3,5.6,4.1,-4.6,✅,-0.14,255
2641,正德,航運業,183.9,193.5,5.6,4.7,-11.4,✅,-0.37,-167
3149,正達,光電業,202.5,181.8,5.5,-6.7,-59.5,❌,0.03,60
1319,東陽,汽車工業,1806.3,1751.1,5.5,2.5,22.4,✅,-0.03,1893
2328,廣宇,電子零組件業,1959.0,1855.4,5.3,-0.7,27.7,❌,0.26,3776
3045,台灣大,通信網路業,17322.4,15895.3,5.3,3.9,-0.3,✅,0.24,13182
1215,卜蜂,食品工業,2419.8,2491.0,5.0,1.6,-5.9,✅,-0.69,-104
5876,上海商銀,金融保險業,5306.8,4580.4,5.0,-4.4,-5.0,❌,-0.03,4458
3645,達邁,電子零組件業,217.7,218.7,4.9,2.7,11.2,✅,-0.9,-6479
6224,聚鼎,電子零組件業,246.5,232.0,4.9,-4.8,-6.7,❌,1.91,290
1313,聯成,塑膠工業,5262.7,5376.6,4.8,4.7,-5.9,✅,0.13,4575
3030,德律,其他電子業,763.6,780.6,4.4,14.7,-10.2,❌,0.22,265
2342,茂矽,半導體業,176.3,171.5,3.9,-3.5,7.3,❌,-0.08,2181
9925,新保,其他業,704.2,697.9,3.6,3.3,-4.3,✅,-0.33,-2740
2367,燿華,電子零組件業,1375.3,1350.3,3.4,-4.1,11.1,❌,-0.06,-10
1618,合機,電器電纜,323.8,241.6,3.4,-37.7,-3.0,❌,0.69,627
4722,國精化,化學工業,362.6,360.0,3.4,3.2,14.0,✅,0.33,447
4919,新唐,半導體業,2711.2,2455.3,3.3,1.6,7.6,✅,0.0,1027
6443,元晶,光電業,80.0,70.9,3.3,-15.6,27.7,❌,-0.22,579
1718,中纖,化學工業,4113.7,4551.4,3.2,4.2,4.3,✅,0.41,-553
2633,台灣高鐵,航運業,4412.1,4523.6,3.1,3.5,-1.0,✅,0.09,-229
2329,華泰,半導體業,1822.2,1812.1,3.1,3.7,-8.5,✅,0.21,1499
2461,光群雷,其他電子業,448.9,491.9,3.0,3.1,9.2,✅,0.43,436
4533,協易機,電機機械,316.2,381.4,3.0,6.7,34.5,✅,0.07,-245
7402,邑錡,光電業,47.5,37.6,2.8,-17.8,4.4,❌,1.54,45
1809,中釉,玻璃陶瓷,202.9,229.9,2.8,1.0,-0.1,✅,-0.08,310
6761,穩得,電子零組件業,174.4,179.8,2.5,-0.4,14.4,✅,0.0,279
1101,台泥,水泥工業,13382.7,13833.2,2.2,-0.1,5.8,✅,-0.25,-5210
4976,佳凌,光電業,95.7,90.3,2.0,0.6,-0.2,✅,0.54,871
8081,致新,半導體業,743.4,777.1,2.0,-3.3,-2.3,❌,-0.37,96
3035,智原,半導體業,1416.8,984.2,1.9,-43.1,26.3,❌,0.25,2333
3066,李洲,光電業,27.0,55.0,1.9,50.0,7.4,❌,0.03,483
3014,聯陽,半導體業,612.8,601.0,1.8,-4.2,-11.2,❌,-0.69,215
8069,元太,光電業,4041.1,3948.1,1.3,-0.6,-1.9,✅,-0.33,-5399
2484,希華,電子零組件業,207.3,222.5,1.1,0.0,4.6,✅,-0.47,-5886
2010,春源,鋼鐵工業,2154.4,2132.8,0.9,0.5,-15.3,✅,0.1,468
2614,東森,其他業,456.6,451.1,0.8,-4.7,-3.3,❌,-0.1,-329
1227,佳格,食品工業,1949.5,1943.4,0.8,-1.6,-17.7,✅,-0.07,-2765
6509,聚和,化學工業,413.6,415.6,0.7,8.5,1.3,❌,0.04,-358
2903,遠百,貿易百貨業,2323.6,2473.6,0.6,0.5,3.5,✅,0.06,-360
3032,偉訓,電子零組件業,1004.3,1147.2,0.4,12.7,11.2,❌,0.0,256
3114,好德,電子零組件業,262.7,255.2,0.4,-6.5,-18.8,❌,0.0,62
1721,三晃,化學工業,141.1,177.2,0.2,7.7,30.5,❌,0.01,280
4123,晟德,生技醫療業,116.3,136.1,0.2,8.1,-47.5,❌,0.04,-3600
9933,中鼎,其他業,7296.6,6552.5,0.1,-16.6,7.7,❌,0.13,-2241
2439,美律,通信網路業,3459.9,3663.6,0.1,0.1,-23.9,✅,-2.14,-762
2023,燁輝,鋼鐵工業,5315.3,5149.0,-0.1,-2.8,5.7,✅,-0.16,-397
2501,國建,建材營造業,1211.3,1128.6,-0.1,-1.7,-195.2,✅,0.06,-3215
1528,恩德,電機機械,275.0,265.2,-0.2,1.2,-28.6,✅,0.36,337
2338,光罩,半導體業,508.9,482.3,-0.3,-6.6,-5.0,❌,0.12,-621
1102,亞泥,水泥工業,5886.0,5817.1,-0.3,-2.2,14.3,✅,0.25,11050
6269,台郡,電子零組件業,1715.6,1959.0,-0.4,-1.0,-9.5,✅,2.6,4099
2201,裕隆,汽車工業,5920.5,6159.6,-0.4,-3.0,0.6,✅,-0.11,-1036
1905,華紙,造紙工業,1517.4,1491.2,-0.4,-0.4,-3.5,✅,0.02,1323
9914,美利達,運動休閒,2385.9,2471.6,-0.5,-5.5,16.6,❌,-0.47,-2098
6831,邁科,電腦及週邊設備業,503.4,419.0,-0.6,-10.8,-54.6,❌,-0.24,-705
8039,台虹,電子零組件業,835.2,895.2,-0.7,-1.4,-11.8,✅,0.75,-3842
1301,台塑,塑膠工業,13976.3,14449.1,-1.0,0.7,1.3,✅,0.58,82816
1434,福懋,紡織纖維,2148.9,2154.4,-1.4,-1.4,3.3,✅,0.12,5153
1536,和大,汽車工業,367.0,395.5,-1.4,3.8,-1.6,❌,-0.06,86
8088,品安,半導體業,123.7,147.4,-1.4,2.1,-54.3,✅,-0.08,-173
3289,宜特,其他電子業,426.3,408.7,-1.6,-1.6,5.8,✅,-0.09,512
5531,鄉林,建材營造業,59.0,59.4,-1.6,6.0,-16.8,❌,-0.02,-1403
2352,佳世達,電腦及週邊設備業,18670.9,17155.0,-1.8,-1.7,-8.4,✅,-0.28,166
9941,裕融,其他業,3303.7,3300.5,-1.8,-4.0,-4.0,✅,0.15,-614
6284,佳邦,電子零組件業,660.9,625.1,-1.9,-10.6,3.8,❌,-0.1,-536
8105,凌巨,光電業,680.5,621.2,-2.0,-4.5,-9.3,✅,0.17,5375
1305,華夏,塑膠工業,564.3,738.0,-2.0,20.7,16.7,❌,0.47,2722
3376,新日興,電子零組件業,921.9,883.2,-2.3,-10.0,7.2,❌,3.19,5799
4956,光鋐,光電業,113.6,116.2,-2.6,-0.8,-13.4,✅,0.57,-1198
8436,大江,生技醫療業,603.0,568.7,-2.7,-9.7,-10.0,❌,-0.25,-432
1707,葡萄王,生技醫療業,819.6,735.0,-2.7,-6.0,-4.7,✅,0.02,-398
3703,欣陸,建材營造業,2614.2,2512.1,-3.1,-5.5,7.3,✅,-0.04,-2682
6412,群電,電子零組件業,3100.0,2820.5,-3.1,-10.2,-5.0,❌,-0.05,577
3630,新鉅科,光電業,183.1,177.4,-3.1,-3.9,-22.1,✅,0.14,206
6715,嘉基,電子零組件業,131.5,121.2,-3.3,-11.6,-29.3,❌,-0.25,-884
4303,信立,塑膠工業,89.4,89.2,-3.4,0.4,-24.5,✅,1.27,-123
8222,寶一,電機機械,68.4,60.0,-3.7,-10.3,-4.1,❌,-0.45,168
8064,東捷,光電業,205.5,233.1,-3.8,15.9,-12.8,❌,0.07,421
4746,台耀,生技醫療業,421.9,361.6,-3.9,-4.9,1.1,✅,-1.87,-728
1455,集盛,紡織纖維,464.9,478.7,-3.9,-4.9,18.9,✅,-0.08,1448
1722,台肥,化學工業,815.6,863.2,-4.0,-1.0,-19.9,✅,-0.33,2774
2915,潤泰全,貿易百貨業,237.3,163.9,-4.3,-21.4,13.9,❌,-0.04,-2206
8085,福華,其他電子業,46.5,48.6,-4.6,-16.3,-15.1,❌,0.63,73
5381,光譜,電機機械,133.3,217.8,-4.6,16.6,49.7,❌,0.19,313
9904,寶成,運動休閒,18951.5,18759.4,-4.7,0.2,11.3,❌,-0.09,-20210
2498,宏達電,通信網路業,292.4,140.5,-4.7,-8.5,-0.2,✅,0.24,631
3694,海華,通信網路業,1001.9,1025.4,-4.8,-4.8,-32.1,✅,-0.22,131
9910,豐泰,運動休閒,6839.3,6961.2,-4.9,-3.9,3.8,✅,-0.06,-1450
3287,廣寰科,電腦及週邊設備業,65.7,70.5,-5.0,-1.6,-5.3,✅,-0.01,214
3716,中化控股,生技醫療業,663.8,612.1,-5.4,-5.4,-5.5,—,-0.32,-685
2392,正崴,電子零組件業,5498.6,6369.0,-5.4,-5.5,13.4,✅,1.24,1582
1218,泰山,食品工業,713.7,845.0,-5.5,-1.4,-7.7,✅,0.01,-647
2385,群光,電子零組件業,7888.7,7597.9,-5.5,-9.4,-11.7,✅,0.25,5150
4743,合一,生技醫療業,10.5,16.4,-5.5,26.4,-40.0,❌,0.07,-36
3380,明泰,通信網路業,2271.3,1679.5,-5.7,-8.0,-13.5,✅,-0.09,-1403
6207,雷科,電子零組件業,85.6,100.2,-5.7,3.6,12.8,❌,0.53,-905
6477,安集,光電業,72.9,82.0,-5.8,-1.2,-65.8,✅,-0.25,209
3545,敦泰,半導體業,900.1,997.8,-6.1,-14.3,1.7,❌,-0.03,423
6188,廣明,電腦及週邊設備業,748.3,610.7,-6.4,-11.9,1.0,❌,0.19,-105
8111,立碁,光電業,71.2,71.8,-6.5,-5.8,2.7,✅,2.65,1322
6719,力智,半導體業,371.6,336.1,-6.6,-9.6,-8.7,✅,-0.24,-289
2206,三陽工業,汽車工業,5068.8,5360.3,-6.8,-8.9,-3.3,✅,0.05,-182
1312,國喬,塑膠工業,1277.5,1384.3,-7.5,-0.2,-17.7,❌,0.6,24989
6176,瑞儀,光電業,3693.6,3840.2,-7.6,-11.7,-8.0,✅,-56.09,-2298
1104,環泥,水泥工業,508.5,529.1,-8.0,-9.0,5.6,✅,-0.14,-862
3217,優群,電子零組件業,324.2,326.3,-8.2,-13.3,-18.2,❌,0.28,-332
1810,和成,玻璃陶瓷,391.5,369.3,-8.5,-6.7,5.3,✅,0.39,-1217
4960,誠美材,光電業,655.1,673.0,-8.6,-5.6,15.8,✅,0.16,1474
4906,正文,通信網路業,1193.3,1061.7,-9.4,-11.9,27.9,✅,-0.81,-7963
9907,統一實,其他業,3715.2,3437.8,-9.9,-20.0,-3.2,❌,0.24,4750
3490,單井,光電業,21.7,24.9,-9.9,-2.1,7.1,❌,2.39,-1327
1612,宏泰,電器電纜,717.2,626.5,-9.9,-11.3,-17.3,✅,0.69,497
1304,台聚,塑膠工業,2879.2,3162.6,-10.0,-1.4,1.4,❌,0.21,3098
2354,鴻準,其他電子業,15054.9,14011.0,-10.1,-40.6,-17.1,❌,0.87,15604
1582,信錦,電子零組件業,624.5,636.5,-10.2,-9.5,-9.4,✅,-0.12,-130
4167,松瑞藥,生技醫療業,102.3,97.6,-10.4,-19.4,-8.5,❌,3.82,-833
2349,錸德,光電業,644.9,733.1,-10.7,-2.0,5.7,❌,0.03,254
1710,東聯,化學工業,1514.0,1515.7,-11.9,-18.2,-16.1,❌,0.32,3822
3363,上詮,通信網路業,157.4,133.8,-12.2,-24.8,-14.0,❌,2.46,1211
1440,南紡,紡織纖維,1046.1,978.6,-12.5,-13.4,2.6,✅,0.07,2227
2457,飛宏,電子零組件業,730.0,869.2,-12.7,-9.4,-4.5,✅,0.21,-1355
2504,國產,建材營造業,1493.9,1603.4,-12.8,-10.2,-0.3,✅,0.12,-1868
2033,佳大,鋼鐵工業,47.2,53.8,-15.4,-1.9,-16.4,❌,0.77,-177
2377,微星,電腦及週邊設備業,17755.9,16301.3,-15.7,-22.2,-19.4,❌,0.17,10618
3540,曜越,電腦及週邊設備業,391.3,326.6,-17.1,-20.3,-10.7,✅,-0.92,-198
6620,漢達,生技醫療業,80.9,57.2,-17.3,-24.4,-35.3,❌,-0.1,-3
2913,農林,貿易百貨業,27.3,28.0,-17.5,-19.3,-13.2,✅,0.18,-11
2883,凱基金,金融保險業,13403.7,-10412.0,-17.6,126.1,100.9,✅,0.28,94303
4142,國光生,生技醫療業,37.2,196.3,-18.1,51.9,71.5,❌,-0.05,349
3062,建漢,通信網路業,337.1,279.3,-18.9,-33.0,-63.9,❌,0.38,440
2466,冠西電,光電業,119.2,173.4,-19.4,-27.2,3.8,❌,-0.46,-569
3339,泰谷,光電業,66.8,61.9,-20.0,-26.6,-80.6,❌,1.84,1120
4564,元翎,電機機械,63.4,54.1,-20.3,-34.5,0.4,❌,0.05,-309
1519,華城,電機機械,1729.8,1779.1,-20.4,-9.3,-15.7,❌,0.99,170
3362,先進光,光電業,262.3,323.8,-20.7,-13.8,-30.4,❌,1.06,1424
3701,大眾控,電腦及週邊設備業,675.1,655.2,-20.9,-30.0,0.4,❌,0.43,352
5269,祥碩,半導體業,867.2,999.0,-20.9,-19.4,-59.3,✅,0.0,414
1526,日馳,電機機械,61.1,55.2,-22.5,-22.2,-12.6,✅,0.76,8
5321,美而快,數位雲端,167.3,173.0,-23.5,-22.1,1.6,✅,0.87,-411
3176,基亞,生技醫療業,94.8,88.3,-23.5,-19.8,4.2,✅,0.82,1146
2104,國際中橡,橡膠工業,872.8,1215.9,-23.8,-15.6,-3.4,❌,-0.03,3585
3455,由田,光電業,84.0,125.4,-24.0,-2.5,37.9,❌,-1.89,-1348
1310,台苯,塑膠工業,569.5,588.3,-24.8,-24.8,-11.5,✅,0.23,2904
2540,愛山林,建材營造業,948.4,746.6,-26.9,-49.1,-17.3,❌,-0.01,-1188
6547,高端疫苗,生技醫療業,41.6,38.1,-31.9,-25.0,-20.4,❌,0.92,5704
1314,中石化,塑膠工業,1040.7,1119.7,-32.0,-23.8,9.5,❌,0.38,32177
2630,亞航,航運業,328.2,316.8,-33.8,-29.2,-14.1,❌,-0.14,-172
1309,台達化,塑膠工業,601.6,755.5,-34.6,-20.6,-9.0,❌,-0.01,807
3011,今皓,電子零組件業,43.4,35.9,-34.7,-40.3,-3.4,❌,0.04,-326
3712,永崴投控,電腦及週邊設備業,762.7,1215.3,-34.9,-8.3,37.4,❌,-0.02,2968
3615,安可,光電業,49.7,55.5,-36.3,-32.0,-4.4,❌,0.37,264
1229,聯華,食品工業,1027.0,559.1,-42.9,-45.4,-60.7,✅,0.26,1067
3024,憶聲,光電業,76.7,69.4,-43.1,-57.6,0.5,❌,0.07,232
2474,可成,其他電子業,804.7,838.6,-47.8,-48.3,-27.1,✅,0.52,2607
3055,蔚華科,電子通路業,13.8,7.7,-49.2,-75.2,-94.5,❌,-0.28,-842
3078,僑威,電子零組件業,408.5,405.6,-55.0,-52.4,-5.3,❌,-0.43,-1709
6243,迅杰,半導體業,25.6,23.6,-57.2,-58.2,-10.1,✅,-0.92,-32
2601,益航,航運業,147.2,128.3,-59.1,-61.4,5.9,❌,0.0,-401
3049,精金,光電業,34.3,31.5,-70.0,-72.1,-26.4,❌,-0.58,-5965
6186,新潤,建材營造業,16.5,189.2,-91.4,-84.1,15.9,❌,-0.19,-1117
2536,宏普,建材營造業,15.3,12.2,-96.0,-97.0,-43.2,❌,-0.01,-2774
2530,華建,建材營造業,0.8,30.4,-98.5,-97.0,-29.7,❌,-0.08,-1455
