code,events,dump_rate
0050,89,28.1
0052,65,26.2
0056,145,26.9
0061,5,0.0
1101,172,30.2
1102,183,18.0
1104,19,5.3
1210,90,8.9
1215,32,0.0
1216,164,26.2
1217,10,20.0
1218,23,13.0
1225,10,20.0
1227,22,9.1
1229,45,17.8
1301,196,31.1
1303,185,27.0
1304,122,35.2
1305,61,27.9
1307,50,14.0
1308,69,21.7
1309,56,35.7
1310,55,29.1
1312,123,30.1
1313,103,18.4
1314,199,30.2
1316,113,26.5
1319,94,16.0
1326,193,26.9
1402,184,20.7
1409,134,24.6
1434,93,11.8
1440,53,9.4
1442,41,4.9
1444,27,29.6
1446,11,27.3
1447,21,38.1
1449,15,33.3
1455,14,28.6
1460,5,20.0
1463,5,20.0
1464,25,24.0
1466,5,20.0
1476,23,0.0
1477,66,18.2
1503,55,25.5
1504,166,20.5
1513,137,21.9
1514,92,25.0
1515,8,37.5
1519,77,39.0
1522,43,32.6
1524,40,30.0
1528,83,32.5
1529,12,41.7
1532,20,20.0
1536,77,24.7
1540,15,40.0
1560,67,16.4
1563,9,22.2
1569,56,32.1
1582,33,21.2
1584,40,32.5
1587,5,20.0
1589,9,33.3
1590,10,0.0
1595,8,25.0
1597,27,22.2
1603,9,0.0
1605,181,26.5
1608,110,25.5
1609,173,27.7
1611,7,0.0
1612,53,24.5
1616,37,27.0
1618,43,25.6
1708,80,15.0
1709,32,18.8
1710,61,24.6
1711,119,24.4
1712,10,20.0
1714,78,17.9
1717,118,31.4
1718,126,30.2
1721,46,32.6
1722,89,19.1
1723,7,0.0
1727,59,28.8
1736,6,0.0
1773,15,13.3
1785,156,19.2
1795,66,19.7
1802,161,31.7
1806,20,20.0
1808,56,12.5
1809,41,34.1
1810,41,24.4
1815,127,34.6
1904,64,10.9
1905,66,18.2
1907,38,2.6
1909,76,10.5
2002,188,26.1
2006,101,5.9
2009,72,22.2
2010,56,12.5
2014,153,24.8
2015,12,0.0
2017,8,12.5
2020,5,20.0
2022,7,14.3
2023,75,16.0
2027,218,22.5
2030,21,14.3
2031,30,10.0
2032,7,14.3
2034,59,22.0
2049,107,18.7
2059,5,0.0
2062,15,20.0
2070,5,20.0
2101,87,17.2
2103,73,19.2
2104,73,26.0
2105,146,21.2
2106,11,9.1
2108,16,31.2
2201,132,22.7
2204,70,14.3
2206,45,11.1
2208,136,20.6
2211,41,0.0
2228,8,37.5
2231,7,14.3
2233,23,21.7
2241,10,10.0
2243,5,20.0
2258,9,33.3
2301,232,16.4
2302,24,20.8
2303,232,17.7
2305,20,30.0
2308,175,22.9
2312,190,27.9
2313,185,25.9
2314,11,54.5
2316,81,35.8
2317,186,23.1
2323,147,25.9
2324,203,20.2
2327,97,30.9
2328,142,32.4
2329,145,24.8
2330,188,23.9
2331,86,25.6
2332,166,20.5
2337,190,25.8
2338,52,23.1
2340,83,27.7
2342,31,16.1
2344,177,28.2
2345,97,20.6
2347,165,13.9
2348,17,11.8
2349,125,20.8
2351,59,11.9
2352,172,26.7
2353,171,29.8
2354,178,21.9
2355,85,27.1
2356,211,24.2
2357,115,18.3
2359,47,27.7
2360,59,8.5
2362,36,27.8
2363,134,28.4
2365,69,27.5
2367,159,27.0
2368,159,18.2
2369,89,23.6
2371,186,27.4
2374,116,37.9
2375,44,34.1
2376,149,19.5
2377,133,27.1
2379,91,8.8
2382,186,26.9
2383,109,17.4
2385,97,21.6
2387,17,17.6
2388,129,22.5
2390,6,16.7
2392,82,24.4
2393,111,12.6
2395,48,10.4
2399,109,30.3
2401,109,19.3
2402,121,28.1
2404,82,7.3
2405,76,28.9
2406,84,20.2
2408,141,32.6
2409,146,37.0
2412,204,14.2
2413,26,46.2
2417,18,27.8
2419,36,25.0
2420,5,20.0
2421,116,19.0
2425,13,7.7
2426,55,25.5
2427,18,11.1
2428,18,22.2
2429,43,32.6
2431,14,50.0
2436,59,18.6
2439,70,10.0
2441,73,15.1
2442,38,39.5
2444,7,14.3
2449,179,31.3
2451,99,17.2
2453,16,37.5
2454,142,26.1
2455,138,26.8
2457,69,23.2
2458,87,9.2
2460,7,57.1
2461,5,0.0
2464,98,25.5
2465,16,12.5
2466,11,27.3
2467,53,24.5
2468,16,37.5
2471,5,20.0
2472,65,23.1
2474,109,11.0
2476,55,27.3
2477,5,40.0
2478,48,25.0
2481,104,28.8
2484,28,28.6
2485,68,26.5
2486,125,36.8
2488,5,0.0
2489,132,25.8
2492,88,18.2
2493,26,15.4
2495,75,30.7
2497,24,20.8
2498,170,31.8
2501,116,14.7
2504,95,22.1
2506,5,40.0
2511,25,16.0
2515,175,25.7
2516,12,41.7
2520,102,17.6
2524,12,25.0
2527,7,0.0
2528,21,19.0
2530,23,13.0
2534,7,0.0
2535,6,16.7
2537,42,19.0
2538,6,50.0
2539,24,12.5
2540,26,30.8
2542,146,23.3
2543,76,36.8
2545,22,13.6
2547,79,16.5
2548,61,8.2
2597,8,12.5
2601,69,21.7
2603,206,25.7
2605,131,27.5
2606,181,21.0
2607,46,13.0
2609,199,22.6
2610,209,20.1
2612,28,17.9
2614,27,18.5
2615,184,25.0
2617,30,10.0
2618,231,21.2
2630,54,22.2
2633,138,22.5
2634,136,31.6
2637,174,19.0
2641,76,19.7
2645,62,17.7
2646,151,18.5
2727,17,0.0
2731,30,16.7
2753,5,0.0
2801,226,15.5
2812,158,24.7
2820,59,10.2
2832,10,0.0
2834,201,24.4
2836,69,10.1
2838,104,7.7
2845,153,17.6
2850,6,0.0
2851,87,6.9
2852,11,18.2
2855,149,24.2
2867,245,19.2
2880,221,18.6
2881,233,22.3
2882,251,21.9
2883,251,22.3
2884,250,16.4
2885,186,22.6
2886,193,22.8
2887,186,20.4
2889,138,23.2
2890,210,20.5
2891,242,24.0
2892,210,19.5
2897,126,15.1
2903,108,18.5
2905,33,21.2
2912,63,11.1
2913,65,13.8
2915,113,19.5
2929,11,45.5
3003,21,14.3
3004,6,33.3
3005,135,14.1
3006,104,24.0
3008,11,27.3
3010,52,1.9
3011,20,20.0
3013,82,34.1
3014,39,12.8
3015,17,35.3
3016,38,18.4
3017,141,20.6
3019,116,21.6
3022,31,6.5
3023,49,8.2
3024,40,32.5
3025,17,58.8
3026,39,17.9
3027,5,20.0
3028,50,26.0
3029,49,26.5
3030,62,17.7
3031,18,22.2
3032,48,22.9
3033,110,17.3
3034,133,12.0
3035,106,23.6
3036,159,17.0
3037,158,26.6
3040,6,16.7
3041,15,26.7
3042,90,10.0
3044,126,11.9
3045,226,13.7
3047,73,27.4
3048,61,24.6
3049,79,30.4
3050,7,14.3
3051,12,33.3
3052,13,7.7
3055,12,0.0
3056,78,24.4
3058,12,33.3
3059,101,31.7
3060,59,28.8
3062,106,26.4
3078,78,19.2
3081,38,7.9
3088,31,16.1
3090,87,14.9
3093,6,16.7
3094,8,37.5
3105,120,25.0
3135,22,31.8
3141,6,16.7
3147,16,12.5
3149,93,44.1
3152,6,16.7
3162,57,24.6
3163,64,23.4
3167,67,34.3
3189,159,27.0
3209,60,18.3
3211,100,27.0
3213,17,5.9
3217,17,23.5
3221,23,56.5
3227,63,20.6
3230,16,25.0
3231,194,21.1
3234,36,30.6
3236,30,30.0
3257,7,71.4
3260,131,20.6
3264,175,18.9
3265,24,29.2
3289,29,17.2
3290,16,37.5
3293,69,17.4
3294,28,50.0
3297,8,62.5
3305,56,25.0
3312,43,30.2
3317,18,38.9
3323,47,34.0
3324,80,18.8
3338,5,20.0
3339,12,16.7
3356,7,0.0
3357,30,13.3
3360,10,50.0
3362,16,31.2
3363,62,21.0
3372,18,16.7
3374,101,26.7
3376,101,19.8
3379,8,25.0
3380,81,25.9
3390,11,18.2
3402,11,18.2
3406,40,10.0
3413,36,25.0
3416,5,0.0
3430,6,16.7
3437,12,58.3
3441,7,57.1
3443,38,7.9
3447,10,20.0
3450,118,39.8
3455,17,5.9
3466,9,11.1
3479,7,28.6
3481,168,28.0
3483,9,44.4
3491,28,21.4
3498,31,22.6
3504,5,40.0
3511,6,50.0
3515,15,0.0
3518,8,50.0
3528,11,36.4
3529,6,0.0
3532,38,13.2
3533,11,0.0
3535,64,23.4
3537,8,62.5
3543,26,26.9
3545,35,17.1
3548,5,0.0
3550,23,17.4
3551,20,15.0
3563,17,11.8
3576,167,25.1
3580,19,36.8
3581,9,33.3
3583,40,27.5
3587,11,9.1
3591,25,12.0
3592,12,0.0
3594,13,7.7
3596,78,5.1
3605,97,25.8
3607,7,28.6
3615,19,47.4
3617,6,0.0
3622,9,11.1
3624,33,30.3
3625,15,40.0
3630,13,23.1
3645,73,26.0
3653,12,8.3
3661,37,5.4
3663,30,23.3
3665,72,6.9
3673,100,18.0
3675,7,14.3
3680,30,13.3
3685,5,60.0
3689,60,20.0
3691,6,16.7
3693,8,37.5
3694,48,16.7
3701,27,33.3
3702,173,19.1
3703,41,12.2
3704,91,23.1
3705,16,6.2
3706,164,23.2
3707,92,29.3
3708,31,19.4
3709,49,16.3
3710,22,22.7
3711,192,19.3
3712,31,25.8
3714,107,25.2
3715,120,27.5
3717,15,20.0
4105,24,0.0
4113,9,22.2
4114,29,20.7
4123,44,29.5
4128,45,8.9
4130,5,40.0
4142,62,12.9
4147,15,26.7
4157,37,24.3
4162,10,10.0
4164,27,18.5
4167,19,21.1
4174,19,5.3
4303,56,32.1
4306,40,25.0
4510,62,35.5
4513,20,20.0
4526,118,35.6
4532,57,10.5
4533,46,23.9
4534,11,18.2
4540,51,35.3
4541,33,33.3
4551,18,22.2
4562,22,40.9
4563,9,55.6
4564,20,35.0
4566,29,27.6
4571,6,33.3
4576,39,20.5
4577,5,40.0
4707,14,35.7
4714,30,26.7
4716,12,25.0
4720,21,38.1
4721,10,10.0
4722,32,31.2
4729,10,50.0
4739,35,11.4
4743,65,23.1
4746,13,0.0
4749,26,15.4
4760,5,0.0
4763,86,32.6
4764,15,13.3
4766,6,0.0
4770,5,40.0
4772,35,8.6
4903,42,45.2
4904,218,12.4
4906,98,29.6
4908,19,21.1
4909,39,46.2
4912,5,20.0
4915,83,20.5
4916,92,27.2
4919,90,26.7
4927,89,32.6
4931,56,41.1
4934,20,15.0
4938,171,12.9
4939,30,26.7
4949,12,25.0
4952,6,16.7
4956,43,34.9
4958,149,21.5
4960,58,19.0
4961,18,11.1
4966,16,18.8
4967,62,30.6
4968,35,20.0
4971,27,22.2
4973,28,35.7
4974,9,33.3
4976,16,31.2
4977,83,36.1
4979,102,37.3
4989,57,29.8
4991,69,23.2
5009,114,17.5
5014,8,50.0
5202,11,45.5
5203,6,0.0
5213,8,12.5
5225,11,9.1
5234,26,3.8
5243,66,19.7
5244,12,33.3
5251,5,100.0
5258,7,14.3
5284,23,26.1
5285,10,10.0
5289,33,24.2
5291,6,33.3
5309,94,33.0
5314,59,40.7
5315,13,38.5
5324,6,16.7
5328,56,41.1
5340,38,26.3
5347,181,14.9
5351,106,30.2
5371,113,24.8
5381,11,54.5
5386,11,27.3
5388,111,19.8
5392,64,32.8
5425,79,25.3
5426,7,14.3
5434,11,9.1
5438,5,60.0
5439,97,22.7
5443,66,19.7
5452,30,33.3
5457,5,20.0
5469,105,21.9
5471,14,21.4
5475,48,29.2
5481,6,50.0
5483,143,24.5
5488,6,16.7
5490,8,12.5
5498,63,42.9
5508,19,5.3
5512,39,12.8
5515,11,0.0
5519,10,50.0
5521,109,15.6
5522,39,7.7
5530,8,25.0
5531,20,0.0
5534,42,7.1
5536,42,9.5
5607,8,0.0
5608,54,14.8
5864,59,27.1
5871,162,23.5
5876,194,12.9
5880,195,25.1
5904,11,0.0
5905,25,24.0
6005,206,18.9
6015,38,10.5
6016,72,16.7
6026,38,36.8
6104,60,13.3
6108,6,16.7
6112,23,13.0
6116,188,20.7
6117,15,26.7
6120,69,20.3
6121,31,0.0
6125,56,26.8
6126,17,23.5
6127,53,34.0
6133,25,32.0
6134,16,18.8
6138,15,33.3
6139,118,20.3
6140,7,57.1
6141,16,37.5
6142,12,16.7
6143,21,19.0
6147,155,13.5
6148,7,57.1
6151,10,40.0
6152,32,31.2
6153,100,27.0
6155,25,36.0
6156,22,27.3
6163,44,25.0
6164,7,0.0
6165,22,9.1
6166,30,3.3
6168,25,28.0
6173,35,22.9
6174,7,71.4
6175,40,47.5
6176,104,11.5
6177,69,15.9
6179,25,12.0
6180,7,28.6
6182,121,16.5
6186,8,12.5
6187,75,16.0
6188,78,17.9
6189,25,24.0
6190,66,30.3
6191,136,28.7
6196,46,6.5
6197,45,22.2
6202,37,18.9
6205,6,66.7
6206,40,12.5
6207,35,40.0
6209,70,35.7
6213,169,24.9
6214,29,3.4
6215,42,21.4
6217,32,18.8
6220,6,50.0
6223,30,10.0
6226,14,21.4
6227,13,30.8
6231,9,22.2
6234,8,37.5
6235,21,33.3
6239,134,26.9
6244,87,26.4
6245,27,3.7
6257,147,14.3
6261,15,26.7
6265,37,27.0
6269,94,21.3
6271,72,29.2
6274,143,24.5
6278,92,9.8
6279,14,7.1
6282,162,26.5
6284,32,12.5
6285,135,14.8
6290,90,22.2
6291,5,20.0
6405,14,28.6
6411,5,20.0
6412,37,5.4
6414,53,3.8
6415,77,27.3
6425,17,17.6
6426,9,11.1
6431,5,0.0
6432,6,50.0
6438,38,31.6
6442,54,29.6
6443,129,31.0
6446,76,15.8
6449,18,27.8
6451,57,17.5
6456,38,26.3
6462,29,24.1
6472,17,11.8
6477,23,21.7
6485,5,20.0
6488,92,18.5
6499,5,40.0
6505,203,26.1
6509,27,22.2
6515,5,0.0
6525,12,25.0
6530,21,47.6
6531,72,18.1
6535,5,20.0
6541,5,20.0
6546,18,22.2
6547,32,21.9
6548,64,29.7
6550,20,15.0
6558,21,33.3
6584,11,18.2
6589,8,0.0
6591,10,10.0
6592,6,16.7
6596,5,0.0
6603,35,25.7
6605,14,0.0
6609,16,37.5
6643,6,0.0
6658,9,22.2
6664,5,0.0
6667,12,8.3
6668,8,50.0
6669,15,6.7
6670,7,14.3
6672,36,38.9
6691,26,11.5
6695,15,20.0
6706,68,26.5
6719,14,28.6
6727,7,14.3
6742,9,55.6
6753,26,15.4
6757,97,22.7
6763,12,33.3
6768,18,0.0
6770,205,23.9
6781,14,21.4
6788,21,28.6
6789,31,25.8
6805,38,10.5
6806,31,25.8
6829,7,28.6
6830,11,18.2
6831,13,7.7
6834,10,40.0
6869,15,40.0
6873,8,37.5
6877,7,14.3
6890,17,5.9
6901,24,20.8
6903,8,12.5
6919,94,23.4
6944,9,0.0
6962,58,36.2
6994,7,14.3
7402,8,37.5
7769,16,0.0
7777,10,50.0
7788,6,16.7
8011,33,36.4
8016,35,5.7
8021,92,23.9
8027,41,19.5
8028,131,28.2
8033,57,33.3
8034,11,18.2
8038,6,50.0
8039,95,28.4
8042,22,22.7
8043,28,46.4
8044,9,33.3
8046,130,33.8
8050,11,27.3
8054,47,34.0
8064,97,22.7
8069,139,30.9
8070,135,15.6
8071,10,70.0
8072,8,50.0
8074,22,50.0
8076,12,16.7
8081,10,10.0
8086,81,21.0
8088,48,33.3
8089,7,14.3
8096,88,33.0
8097,5,20.0
8103,31,19.4
8104,26,34.6
8105,79,24.1
8110,79,26.6
8111,69,24.6
8112,134,26.9
8114,9,11.1
8121,14,14.3
8131,58,22.4
8150,114,28.1
8155,28,14.3
8163,25,12.0
8210,40,7.5
8213,13,7.7
8215,25,20.0
8222,13,38.5
8227,5,0.0
8234,31,22.6
8240,5,20.0
8249,32,25.0
8261,52,19.2
8271,44,27.3
8289,13,61.5
8299,93,18.3
8358,93,12.9
8374,15,26.7
8383,13,30.8
8390,29,13.8
8404,23,34.8
8415,10,10.0
8422,56,28.6
8429,5,60.0
8431,10,20.0
8436,10,0.0
8438,7,14.3
8464,12,0.0
8473,14,7.1
8926,70,11.4
8927,19,21.1
8932,32,34.4
8936,54,22.2
8996,53,24.5
9103,8,25.0
9105,183,32.2
9136,8,25.0
9802,30,6.7
9904,174,26.4
9906,6,33.3
9907,142,14.1
9910,34,17.6
9914,40,15.0
9917,18,0.0
9921,55,23.6
9933,136,18.4
9934,25,16.0
9935,10,10.0
9938,54,25.9
9939,30,3.3
9941,50,0.0
9945,164,29.9
9946,6,16.7
9955,17,17.6
9958,68,23.5
