group,kind,ym,yoy_med,n
ABF載板,族群,2025-12,26.9,3
ABF載板,族群,2026-01,45.0,3
ABF載板,族群,2026-02,12.8,3
ABF載板,族群,2026-03,25.0,3
ABF載板,族群,2026-04,27.6,3
ABF載板,族群,2026-05,33.0,3
ABF載板,族群,2026-06,36.3,3
ABF載板,族群,2026-07,43.7,3
AI伺服器,族群,2025-12,83.4,6
AI伺服器,族群,2026-01,70.9,6
AI伺服器,族群,2026-02,45.3,6
AI伺服器,族群,2026-03,60.2,6
AI伺服器,族群,2026-04,59.7,6
AI伺服器,族群,2026-05,28.7,6
AI伺服器,族群,2026-06,54.7,6
AI伺服器,族群,2026-07,56.9,6
IC設計,族群,2025-12,9.5,4
IC設計,族群,2026-01,3.1,4
IC設計,族群,2026-02,-11.5,4
IC設計,族群,2026-03,8.7,4
IC設計,族群,2026-04,6.2,4
IC設計,族群,2026-05,15.6,4
IC設計,族群,2026-06,19.8,4
IC設計,族群,2026-07,29.7,4
PCB,族群,2025-12,41.1,4
PCB,族群,2026-01,62.0,4
PCB,族群,2026-02,36.1,4
PCB,族群,2026-03,59.9,4
PCB,族群,2026-04,76.0,4
PCB,族群,2026-05,101.0,4
PCB,族群,2026-06,93.0,4
PCB,族群,2026-07,99.4,4
光學鏡頭,族群,2025-12,-0.3,3
光學鏡頭,族群,2026-01,23.4,3
光學鏡頭,族群,2026-02,5.1,3
光學鏡頭,族群,2026-03,12.3,3
光學鏡頭,族群,2026-04,24.5,3
光學鏡頭,族群,2026-05,30.2,3
光學鏡頭,族群,2026-06,4.5,3
光學鏡頭,族群,2026-07,1.6,3
光通訊CPO,族群,2025-12,19.7,9
光通訊CPO,族群,2026-01,26.8,9
光通訊CPO,族群,2026-02,7.3,9
光通訊CPO,族群,2026-03,20.2,9
光通訊CPO,族群,2026-04,12.2,9
光通訊CPO,族群,2026-05,38.5,9
光通訊CPO,族群,2026-06,29.7,9
光通訊CPO,族群,2026-07,51.6,9
光電業,產業,2025-12,-0.8,112
光電業,產業,2026-01,11.0,112
光電業,產業,2026-02,-11.3,112
光電業,產業,2026-03,-0.9,112
光電業,產業,2026-04,2.2,112
光電業,產業,2026-05,4.2,112
光電業,產業,2026-06,8.8,112
光電業,產業,2026-07,10.0,112
其他業,產業,2025-12,0.9,79
其他業,產業,2026-01,8.7,79
其他業,產業,2026-02,-7.8,79
其他業,產業,2026-03,3.5,79
其他業,產業,2026-04,6.5,79
其他業,產業,2026-05,4.1,79
其他業,產業,2026-06,11.7,79
其他業,產業,2026-07,4.1,79
其他電子業,產業,2025-12,9.3,90
其他電子業,產業,2026-01,19.5,90
其他電子業,產業,2026-02,-0.6,90
其他電子業,產業,2026-03,6.7,90
其他電子業,產業,2026-04,14.1,90
其他電子業,產業,2026-05,16.3,90
其他電子業,產業,2026-06,25.1,90
其他電子業,產業,2026-07,23.9,90
功率半導體,族群,2025-12,5.6,4
功率半導體,族群,2026-01,7.6,4
功率半導體,族群,2026-02,-2.2,4
功率半導體,族群,2026-03,10.9,4
功率半導體,族群,2026-04,7.0,4
功率半導體,族群,2026-05,7.9,4
功率半導體,族群,2026-06,18.8,4
功率半導體,族群,2026-07,17.2,4
化學工業,產業,2025-12,-4.8,41
化學工業,產業,2026-01,17.0,41
化學工業,產業,2026-02,-16.1,41
化學工業,產業,2026-03,17.1,41
化學工業,產業,2026-04,13.8,41
化學工業,產業,2026-05,9.4,41
化學工業,產業,2026-06,12.8,41
化學工業,產業,2026-07,22.4,41
半導體業,產業,2025-12,10.8,194
半導體業,產業,2026-01,17.2,194
半導體業,產業,2026-02,2.4,194
半導體業,產業,2026-03,15.5,194
半導體業,產業,2026-04,14.4,194
半導體業,產業,2026-05,19.3,194
半導體業,產業,2026-06,24.4,194
半導體業,產業,2026-07,30.4,194
半導體設備,族群,2025-12,21.5,6
半導體設備,族群,2026-01,18.0,6
半導體設備,族群,2026-02,13.3,6
半導體設備,族群,2026-03,23.4,6
半導體設備,族群,2026-04,19.5,6
半導體設備,族群,2026-05,22.7,6
半導體設備,族群,2026-06,24.0,6
半導體設備,族群,2026-07,42.5,6
塑膠工業,產業,2025-12,-11.2,22
塑膠工業,產業,2026-01,2.6,22
塑膠工業,產業,2026-02,-30.4,22
塑膠工業,產業,2026-03,5.9,22
塑膠工業,產業,2026-04,5.4,22
塑膠工業,產業,2026-05,3.8,22
塑膠工業,產業,2026-06,-6.8,22
塑膠工業,產業,2026-07,3.1,22
封測,族群,2025-12,23.5,6
封測,族群,2026-01,26.8,6
封測,族群,2026-02,22.3,6
封測,族群,2026-03,25.1,6
封測,族群,2026-04,30.0,6
封測,族群,2026-05,29.4,6
封測,族群,2026-06,30.7,6
封測,族群,2026-07,41.2,6
居家生活,產業,2025-12,-7.1,29
居家生活,產業,2026-01,1.0,29
居家生活,產業,2026-02,11.2,29
居家生活,產業,2026-03,3.4,29
居家生活,產業,2026-04,6.0,29
居家生活,產業,2026-05,7.9,29
居家生活,產業,2026-06,11.7,29
居家生活,產業,2026-07,9.7,29
建材營造業,產業,2025-12,5.8,85
建材營造業,產業,2026-01,6.3,85
建材營造業,產業,2026-02,-4.5,85
建材營造業,產業,2026-03,16.5,85
建材營造業,產業,2026-04,4.1,85
建材營造業,產業,2026-05,22.0,85
建材營造業,產業,2026-06,3.2,85
建材營造業,產業,2026-07,5.4,85
散熱,族群,2025-12,30.1,5
散熱,族群,2026-01,36.5,5
散熱,族群,2026-02,2.3,5
散熱,族群,2026-03,22.5,5
散熱,族群,2026-04,26.9,5
散熱,族群,2026-05,37.7,5
散熱,族群,2026-06,57.6,5
散熱,族群,2026-07,57.4,5
散裝航運,族群,2025-12,14.1,4
散裝航運,族群,2026-01,2.8,4
散裝航運,族群,2026-02,11.3,4
散裝航運,族群,2026-03,14.8,4
散裝航運,族群,2026-04,9.1,4
散裝航運,族群,2026-05,24.5,4
散裝航運,族群,2026-06,36.4,4
散裝航運,族群,2026-07,30.2,4
數位雲端,產業,2025-12,5.5,36
數位雲端,產業,2026-01,15.7,36
數位雲端,產業,2026-02,1.2,36
數位雲端,產業,2026-03,10.6,36
數位雲端,產業,2026-04,9.8,36
數位雲端,產業,2026-05,10.2,36
數位雲端,產業,2026-06,14.3,36
數位雲端,產業,2026-07,12.9,36
文化創意業,產業,2025-12,-6.6,26
文化創意業,產業,2026-01,-0.2,26
文化創意業,產業,2026-02,9.7,26
文化創意業,產業,2026-03,3.4,26
文化創意業,產業,2026-04,3.5,26
文化創意業,產業,2026-05,15.4,26
文化創意業,產業,2026-06,0.0,26
文化創意業,產業,2026-07,5.2,26
晶圓代工,族群,2025-12,17.5,4
晶圓代工,族群,2026-01,22.3,4
晶圓代工,族群,2026-02,9.2,4
晶圓代工,族群,2026-03,17.8,4
晶圓代工,族群,2026-04,14.1,4
晶圓代工,族群,2026-05,24.8,4
晶圓代工,族群,2026-06,50.7,4
晶圓代工,族群,2026-07,37.5,4
機器人自動化,族群,2025-12,17.9,3
機器人自動化,族群,2026-01,13.1,3
機器人自動化,族群,2026-02,-3.0,3
機器人自動化,族群,2026-03,17.4,3
機器人自動化,族群,2026-04,20.7,3
機器人自動化,族群,2026-05,51.4,3
機器人自動化,族群,2026-06,35.6,3
機器人自動化,族群,2026-07,36.3,3
橡膠工業,產業,2025-12,-12.4,11
橡膠工業,產業,2026-01,0.7,11
橡膠工業,產業,2026-02,-19.2,11
橡膠工業,產業,2026-03,4.2,11
橡膠工業,產業,2026-04,7.4,11
橡膠工業,產業,2026-05,3.9,11
橡膠工業,產業,2026-06,11.6,11
橡膠工業,產業,2026-07,18.2,11
水泥工業,產業,2025-12,-9.3,7
水泥工業,產業,2026-01,0.3,7
水泥工業,產業,2026-02,-16.5,7
水泥工業,產業,2026-03,-17.3,7
水泥工業,產業,2026-04,-10.2,7
水泥工業,產業,2026-05,-7.5,7
水泥工業,產業,2026-06,-7.5,7
水泥工業,產業,2026-07,-3.8,7
汽車工業,產業,2025-12,-6.4,33
汽車工業,產業,2026-01,-0.3,33
汽車工業,產業,2026-02,-13.9,33
汽車工業,產業,2026-03,-7.7,33
汽車工業,產業,2026-04,2.9,33
汽車工業,產業,2026-05,5.6,33
汽車工業,產業,2026-06,4.1,33
汽車工業,產業,2026-07,4.1,33
油電燃氣業,產業,2025-12,-3.0,12
油電燃氣業,產業,2026-01,7.6,12
油電燃氣業,產業,2026-02,-13.1,12
油電燃氣業,產業,2026-03,0.6,12
油電燃氣業,產業,2026-04,4.8,12
油電燃氣業,產業,2026-05,15.6,12
油電燃氣業,產業,2026-06,13.7,12
油電燃氣業,產業,2026-07,9.4,12
玻璃陶瓷,產業,2025-12,-10.6,5
玻璃陶瓷,產業,2026-01,17.6,5
玻璃陶瓷,產業,2026-02,-19.2,5
玻璃陶瓷,產業,2026-03,-12.0,5
玻璃陶瓷,產業,2026-04,-6.2,5
玻璃陶瓷,產業,2026-05,1.0,5
玻璃陶瓷,產業,2026-06,4.2,5
玻璃陶瓷,產業,2026-07,-3.7,5
生技新藥,族群,2025-12,40.7,6
生技新藥,族群,2026-01,26.5,6
生技新藥,族群,2026-02,-19.6,6
生技新藥,族群,2026-03,35.3,6
生技新藥,族群,2026-04,6.0,6
生技新藥,族群,2026-05,21.0,6
生技新藥,族群,2026-06,67.0,6
生技新藥,族群,2026-07,1.7,6
生技醫療業,產業,2025-12,5.8,142
生技醫療業,產業,2026-01,14.5,142
生技醫療業,產業,2026-02,-4.6,142
生技醫療業,產業,2026-03,6.2,142
生技醫療業,產業,2026-04,5.3,142
生技醫療業,產業,2026-05,1.0,142
生技醫療業,產業,2026-06,6.2,142
生技醫療業,產業,2026-07,6.6,142
矽晶圓,族群,2025-12,7.2,5
矽晶圓,族群,2026-01,18.8,5
矽晶圓,族群,2026-02,-3.7,5
矽晶圓,族群,2026-03,9.2,5
矽晶圓,族群,2026-04,3.0,5
矽晶圓,族群,2026-05,11.9,5
矽晶圓,族群,2026-06,14.1,5
矽晶圓,族群,2026-07,27.7,5
紡織纖維,產業,2025-12,-12.1,50
紡織纖維,產業,2026-01,1.7,50
紡織纖維,產業,2026-02,-24.0,50
紡織纖維,產業,2026-03,-5.3,50
紡織纖維,產業,2026-04,-0.0,50
紡織纖維,產業,2026-05,-1.4,50
紡織纖維,產業,2026-06,-1.2,50
紡織纖維,產業,2026-07,4.6,50
綠能環保,產業,2025-12,16.1,41
綠能環保,產業,2026-01,25.8,41
綠能環保,產業,2026-02,13.2,41
綠能環保,產業,2026-03,20.7,41
綠能環保,產業,2026-04,26.6,41
綠能環保,產業,2026-05,20.6,41
綠能環保,產業,2026-06,30.0,41
綠能環保,產業,2026-07,23.4,41
網通,族群,2025-12,5.0,5
網通,族群,2026-01,11.0,5
網通,族群,2026-02,-6.6,5
網通,族群,2026-03,3.8,5
網通,族群,2026-04,15.6,5
網通,族群,2026-05,34.8,5
網通,族群,2026-06,61.2,5
網通,族群,2026-07,51.3,5
航空,族群,2025-12,1.8,3
航空,族群,2026-01,-0.6,3
航空,族群,2026-02,14.6,3
航空,族群,2026-03,20.0,3
航空,族群,2026-04,18.9,3
航空,族群,2026-05,27.7,3
航空,族群,2026-06,28.8,3
航空,族群,2026-07,25.3,3
航運業,產業,2025-12,0.5,33
航運業,產業,2026-01,-1.1,33
航運業,產業,2026-02,1.0,33
航運業,產業,2026-03,4.7,33
航運業,產業,2026-04,9.1,33
航運業,產業,2026-05,12.0,33
航運業,產業,2026-06,20.2,33
航運業,產業,2026-07,21.4,33
被動元件,族群,2025-12,7.1,5
被動元件,族群,2026-01,22.3,5
被動元件,族群,2026-02,-2.4,5
被動元件,族群,2026-03,12.7,5
被動元件,族群,2026-04,20.4,5
被動元件,族群,2026-05,21.3,5
被動元件,族群,2026-06,33.9,5
被動元件,族群,2026-07,47.5,5
觀光餐旅,產業,2025-12,2.5,48
觀光餐旅,產業,2026-01,-9.1,48
觀光餐旅,產業,2026-02,24.8,48
觀光餐旅,產業,2026-03,5.4,48
觀光餐旅,產業,2026-04,3.4,48
觀光餐旅,產業,2026-05,1.5,48
觀光餐旅,產業,2026-06,4.2,48
觀光餐旅,產業,2026-07,6.5,48
記憶體,族群,2025-12,92.7,5
記憶體,族群,2026-01,189.2,5
記憶體,族群,2026-02,114.3,5
記憶體,族群,2026-03,181.5,5
記憶體,族群,2026-04,182.2,5
記憶體,族群,2026-05,210.4,5
記憶體,族群,2026-06,216.1,5
記憶體,族群,2026-07,300.0,5
貨櫃航運,族群,2025-12,-19.6,3
貨櫃航運,族群,2026-01,-21.8,3
貨櫃航運,族群,2026-02,-15.3,3
貨櫃航運,族群,2026-03,-10.7,3
貨櫃航運,族群,2026-04,13.0,3
貨櫃航運,族群,2026-05,22.9,3
貨櫃航運,族群,2026-06,30.0,3
貨櫃航運,族群,2026-07,43.1,3
貿易百貨業,產業,2025-12,-9.1,12
貿易百貨業,產業,2026-01,-1.7,12
貿易百貨業,產業,2026-02,7.7,12
貿易百貨業,產業,2026-03,-3.9,12
貿易百貨業,產業,2026-04,3.0,12
貿易百貨業,產業,2026-05,-3.5,12
貿易百貨業,產業,2026-06,3.2,12
貿易百貨業,產業,2026-07,-3.5,12
資訊服務業,產業,2025-12,3.8,45
資訊服務業,產業,2026-01,19.1,45
資訊服務業,產業,2026-02,-0.9,45
資訊服務業,產業,2026-03,5.6,45
資訊服務業,產業,2026-04,12.2,45
資訊服務業,產業,2026-05,11.8,45
資訊服務業,產業,2026-06,5.8,45
資訊服務業,產業,2026-07,14.0,45
軍工航太,族群,2025-12,-5.7,4
軍工航太,族群,2026-01,22.1,4
軍工航太,族群,2026-02,-15.6,4
軍工航太,族群,2026-03,-0.9,4
軍工航太,族群,2026-04,9.3,4
軍工航太,族群,2026-05,4.7,4
軍工航太,族群,2026-06,13.4,4
軍工航太,族群,2026-07,5.3,4
農業科技業,產業,2025-12,57.6,4
農業科技業,產業,2026-01,9.9,4
農業科技業,產業,2026-02,-9.8,4
農業科技業,產業,2026-03,15.4,4
農業科技業,產業,2026-04,1.8,4
農業科技業,產業,2026-05,1.2,4
農業科技業,產業,2026-06,25.7,4
農業科技業,產業,2026-07,23.1,4
通信網路業,產業,2025-12,3.3,86
通信網路業,產業,2026-01,10.2,86
通信網路業,產業,2026-02,-1.4,86
通信網路業,產業,2026-03,7.7,86
通信網路業,產業,2026-04,11.8,86
通信網路業,產業,2026-05,10.3,86
通信網路業,產業,2026-06,9.3,86
通信網路業,產業,2026-07,16.7,86
造紙工業,產業,2025-12,-8.8,7
造紙工業,產業,2026-01,12.0,7
造紙工業,產業,2026-02,-23.1,7
造紙工業,產業,2026-03,5.2,7
造紙工業,產業,2026-04,8.2,7
造紙工業,產業,2026-05,3.2,7
造紙工業,產業,2026-06,-0.4,7
造紙工業,產業,2026-07,7.3,7
運動休閒,產業,2025-12,-2.5,21
運動休閒,產業,2026-01,-1.8,21
運動休閒,產業,2026-02,-14.6,21
運動休閒,產業,2026-03,-7.7,21
運動休閒,產業,2026-04,3.8,21
運動休閒,產業,2026-05,8.7,21
運動休閒,產業,2026-06,5.3,21
運動休閒,產業,2026-07,13.5,21
重電,族群,2025-12,13.2,4
重電,族群,2026-01,7.2,4
重電,族群,2026-02,-1.4,4
重電,族群,2026-03,4.1,4
重電,族群,2026-04,10.0,4
重電,族群,2026-05,6.0,4
重電,族群,2026-06,-5.2,4
重電,族群,2026-07,8.8,4
金融保險業,產業,2025-12,11.4,41
金融保險業,產業,2026-01,25.7,41
金融保險業,產業,2026-02,13.3,41
金融保險業,產業,2026-03,18.8,41
金融保險業,產業,2026-04,65.4,41
金融保險業,產業,2026-05,61.1,41
金融保險業,產業,2026-06,14.1,41
金融保險業,產業,2026-07,4.1,39
鋼鐵工業,產業,2025-12,-9.7,47
鋼鐵工業,產業,2026-01,6.9,47
鋼鐵工業,產業,2026-02,-22.7,47
鋼鐵工業,產業,2026-03,-1.3,47
鋼鐵工業,產業,2026-04,2.1,47
鋼鐵工業,產業,2026-05,4.6,47
鋼鐵工業,產業,2026-06,12.9,47
鋼鐵工業,產業,2026-07,16.7,47
電器電纜,產業,2025-12,-3.3,16
電器電纜,產業,2026-01,23.4,16
電器電纜,產業,2026-02,-22.2,16
電器電纜,產業,2026-03,0.5,16
電器電纜,產業,2026-04,4.7,16
電器電纜,產業,2026-05,1.1,16
電器電纜,產業,2026-06,10.1,16
電器電纜,產業,2026-07,10.6,16
電子通路業,產業,2025-12,13.8,37
電子通路業,產業,2026-01,39.9,37
電子通路業,產業,2026-02,2.7,37
電子通路業,產業,2026-03,23.9,37
電子通路業,產業,2026-04,18.3,37
電子通路業,產業,2026-05,28.1,37
電子通路業,產業,2026-06,38.9,37
電子通路業,產業,2026-07,48.9,37
電子零組件業,產業,2025-12,7.7,201
電子零組件業,產業,2026-01,20.1,201
電子零組件業,產業,2026-02,-5.4,201
電子零組件業,產業,2026-03,11.2,201
電子零組件業,產業,2026-04,13.5,201
電子零組件業,產業,2026-05,18.9,201
電子零組件業,產業,2026-06,26.9,201
電子零組件業,產業,2026-07,32.8,201
電機機械,產業,2025-12,4.0,93
電機機械,產業,2026-01,10.5,93
電機機械,產業,2026-02,-6.1,93
電機機械,產業,2026-03,3.1,93
電機機械,產業,2026-04,6.7,93
電機機械,產業,2026-05,5.8,93
電機機械,產業,2026-06,14.0,93
電機機械,產業,2026-07,15.1,93
電源,族群,2025-12,11.4,3
電源,族群,2026-01,16.2,3
電源,族群,2026-02,17.4,3
電源,族群,2026-03,23.4,3
電源,族群,2026-04,24.5,3
電源,族群,2026-05,29.6,3
電源,族群,2026-06,37.0,3
電源,族群,2026-07,37.6,3
電腦及週邊設備業,產業,2025-12,9.6,105
電腦及週邊設備業,產業,2026-01,15.7,105
電腦及週邊設備業,產業,2026-02,-0.1,105
電腦及週邊設備業,產業,2026-03,15.5,105
電腦及週邊設備業,產業,2026-04,11.7,105
電腦及週邊設備業,產業,2026-05,15.1,105
電腦及週邊設備業,產業,2026-06,25.8,105
電腦及週邊設備業,產業,2026-07,28.2,105
面板/電子紙,族群,2025-12,-0.8,4
面板/電子紙,族群,2026-01,15.3,4
面板/電子紙,族群,2026-02,-4.8,4
面板/電子紙,族群,2026-03,5.7,4
面板/電子紙,族群,2026-04,-0.8,4
面板/電子紙,族群,2026-05,-0.2,4
面板/電子紙,族群,2026-06,14.9,4
面板/電子紙,族群,2026-07,-2.9,4
食品工業,產業,2025-12,-2.3,32
食品工業,產業,2026-01,7.1,32
食品工業,產業,2026-02,3.5,32
食品工業,產業,2026-03,2.9,32
食品工業,產業,2026-04,1.7,32
食品工業,產業,2026-05,-3.5,32
食品工業,產業,2026-06,5.7,32
食品工業,產業,2026-07,7.9,32
